"1","1001","旭川市民文化会館","ホール","北海道",NULL,"1548","北海道旭川市7条通9丁目","https://www.city.asahikawa.hokkaido.jp/facility00/facility04/d000000.html","TRUE"
"2","1002","倶知安町公民館","ホール","北海道",NULL,"603","北海道虻田郡倶知安町南3条東4丁目2−2","https://www.town.kutchan.hokkaido.jp/profile/shisetsu/community/kouminkan/","TRUE"
"3","1003","音更町文化センター大ホール","ホール","北海道",NULL,"1022","北海道河東郡音更町木野西通15丁目8","http://www.npootofuke.com/","TRUE"
"4","1004","まなみーる 岩見沢市民会館 大ホール","ホール","北海道",NULL,"1165","北海道岩見沢市9条西4丁目1","https://www.manamiru.jp/","TRUE"
"5","1005","PENNY LANE 24","ライブハウス","北海道","500","203","北海道札幌市西区二十四軒4条5丁目5−21","http://www.pl24.jp/","TRUE"
"6","1006","大倉山ジャンプ競技場 特設ステージ","特設ステージ","北海道",NULL,NULL,"北海道札幌市中央区宮の森1274","https://okurayama-jump.jp/","TRUE"
"7","1007","札幌道新ホール","ホール","北海道",NULL,"700","北海道札幌市中央区大通西3丁目6","https://www.doshin-acty.co.jp/doshin/","TRUE"
"8","1008","Zepp Sapporo","ライブハウス","北海道","1910",NULL,"北海道札幌市中央区南9条西4丁目4","https://www.zepp.co.jp/hall/sapporo/","TRUE"
"9","1009","さっぽろ芸術文化の館 ニトリ文化ホール","ホール","北海道",NULL,"2300","北海道札幌市中央区北1条西12丁目","https://ja.wikipedia.org/wiki/%E3%81%95%E3%81%A3%E3%81%BD%E3%82%8D%E8%8A%B8%E8%A1%93%E6%96%87%E5%8C%96%E3%81%AE%E9%A4%A8","FALSE"
"10","1009","北海道厚生年金会館","ホール","北海道",NULL,"2300","北海道札幌市中央区北1条西12丁目","https://ja.wikipedia.org/wiki/%E3%81%95%E3%81%A3%E3%81%BD%E3%82%8D%E8%8A%B8%E8%A1%93%E6%96%87%E5%8C%96%E3%81%AE%E9%A4%A8","FALSE"
"11","1010","札幌市教育文化会館 大ホール","ホール","北海道",NULL,"1100","北海道札幌市中央区北1条西13丁目","https://www.kyobun.org/","TRUE"
"12","1011","カナモトホール","ホール","北海道",NULL,"1500","北海道札幌市中央区北1条西1丁目","https://www.sapporo-shiminhall.org/","TRUE"
"13","1011","わくわくホリデーホール","ホール","北海道",NULL,"1500","北海道札幌市中央区北1条西1丁目","https://www.sapporo-shiminhall.org/","TRUE"
"14","1011","札幌市民ホール","ホール","北海道",NULL,"1500","北海道札幌市中央区北1条西1丁目","https://www.sapporo-shiminhall.org/","TRUE"
"15","1012","札幌文化芸術劇場 hitaru","ホール","北海道",NULL,"2302","北海道札幌市中央区北1条西1丁目 札幌市民交流プラザ 4F","https://www.sapporo-community-plaza.jp/theater_seat.html","TRUE"
"16","1013","札幌スクールオブミュージック＆ダンス専門学校 7階イベントホール 『LS-1』","その他","北海道",NULL,NULL,"北海道札幌市中央区北1条西8丁目2番地75","https://www.ssm.ac.jp/school/equipment.html#&gid=1&pid=13","TRUE"
"17","1014","サッポロファクトリーホール","ホール","北海道","1000","660","北海道札幌市中央区北2条東3丁目","https://sapporofactory.jp/hall/","TRUE"
"18","1015","札幌cube garden","ライブハウス","北海道","300",NULL,"北海道札幌市中央区北2条東3丁目2−5","https://www.cube-garden.com/","TRUE"
"19","1016","札幌共済ホール","ホール","北海道",NULL,"650","北海道札幌市中央区北4条西1丁目","https://kyosaihall.jp/","TRUE"
"20","1017","札幌コミュニティドームつどーむ","アリーナ","北海道",NULL,"1200","北海道札幌市東区栄町885番地1","https://www.sapporo-sport.jp/tsudome","TRUE"
"21","1018","真駒内アイスアリーナ","アリーナ","北海道",NULL,"10024","北海道札幌市南区真駒内公園1−1","http://www.makomanai.com/icearena/","TRUE"
"22","1019","小樽GOLDSTONE","ライブハウス","北海道","500",NULL,"北海道小樽市色内3丁目3−21","http://www.goldstone.co.jp/","TRUE"
"23","1020","弟子屈町 釧路圏摩周観光文化センター","ホール","北海道",NULL,"2080","北海道川上郡弟子屈町摩周3丁目3−1","https://www.zenkoubun.jp/search/hall_0010033.html","TRUE"
"24","1021","帯広市民文化ホール","ホール","北海道",NULL,"1540","北海道帯広市西5条南11丁目48","https://www.obihiro-foundation.jp/shisetsu/bunkahall/","TRUE"
"25","1022","帯広MEGA STONE","ライブハウス","北海道","600",NULL,"北海道帯広市東6条南5丁目14","http://www.mountalive.com/hallguide/more.php?no=37","TRUE"
"26","1023","苫小牧市民会館","ホール","北海道",NULL,"1630","北海道苫小牧市旭町3丁目2−2","http://www.tomakomai-shiminkaikan.com/sisetuannai/dai_hall.html","TRUE"
"27","1024","上ノ国町夷王山オープンステージ","特設ステージ","北海道",NULL,NULL,"北海道檜山郡上ノ国町勝山520",,"TRUE"
"28","1025","アリオ札幌 1Fハーベストコート","イベントスペース","北海道",NULL,NULL,"北海道札幌市東区北７条東９丁目２−２０","https://space.ario.jp/space/699/","TRUE"
"29","1026","三井アウトレットパーク札幌北広島 1Fイベントステージエルフィンコート","イベントスペース","北海道",NULL,NULL,"北海道北広島市大曲幸町３丁目７−６","https://mitsui-shopping-park.com/mop/sapporo/event/2203504.html","TRUE"
"30","1027","サッポロファクトリー アトリウム","イベントスペース","北海道",NULL,NULL,"北海道札幌市中央区北２条東４丁目","https://sapporofactory.jp/hall/space-atrium/","TRUE"
"31","2001","森田村円形劇場","野外ステージ","青森",NULL,"5000","青森県つがる市森田町床舞藤山244","http://chikyuumura.co.jp/amphitheater/","TRUE"
"32","2002","青森Quarter","ライブハウス","青森","350",NULL,"青森県青森市安方2丁目11−3","https://aomoriquarter.com/","TRUE"
"33","2003","リンクモア平安閣市民ホール","ホール","青森",NULL,"989","青森県青森市柳川1丁目2−14","http://aobunkanko.com/facility/shiminhall/","TRUE"
"34","2004","八戸市公会堂 大ホール","ホール","青森",NULL,"1542","青森県八戸市内丸1丁目1−1","https://hachi-kokaido.movabletype.io/","TRUE"
"35","3001","一関文化センター","ホール","岩手",NULL,"1205","岩手県一関市大手町2−16","https://ichi-bun.com/","TRUE"
"36","3002","盛岡市民文化ホール 大ホール","ホール","岩手",NULL,"1516","岩手県盛岡市盛岡駅西通2丁目9−1","https://www.mfca.jp/shiminbunka/","TRUE"
"37","3003","盛岡CLUB CHANGE WAVE","ライブハウス","岩手","350",NULL,"岩手県盛岡市大通り1丁目11−12 ヒグチビル B1","http://clubchange.com/","TRUE"
"38","3004","岩手県民会館 大ホール","ホール","岩手",NULL,"1991","岩手県盛岡市内丸13−1","http://www.iwate-kenmin.jp/","TRUE"
"39","3005","北上市文化交流センターさくらホール 中ホール","ホール","岩手",NULL,"471","岩手県北上市さくら通り2丁目1−1","https://www.sakurahall.jp/use/gaiyou/","TRUE"
"40","3006","北上市文化交流センターさくらホール 大ホール","ホール","岩手",NULL,"1406","岩手県北上市さくら通り2丁目1−1","https://www.sakurahall.jp/use/gaiyou/","TRUE"
"41","3007","安比高原スキー場 特設ステージ","特設ステージ","岩手",NULL,NULL,"岩手県八幡平市安比高原１１７−１","https://www.appi.co.jp/ski/","TRUE"
"42","3008","アピオ岩手産業文化センター野外特設ステージ","特設ステージ","岩手",NULL,NULL,"岩手県滝沢市砂込３８９−２０","http://www.apio-iwate.com/","TRUE"
"43","3009","イオンモール盛岡南 専門店街 1Fセンターコート","イベントスペース","岩手",NULL,NULL,"岩手県盛岡市本宮７丁目１−１","https://www.aeon.jp/sc/moriokaminami/","TRUE"
"44","4001","スポーツランドSUGO","特設ステージ","宮城",NULL,NULL,"宮城県柴田郡村田町菅生6丁目1","https://www.sportsland-sugo.co.jp/","TRUE"
"45","4002","Zepp Sendai","ライブハウス","宮城","1567","617","宮城県仙台市宮城野区榴岡1-1-1","https://ja.wikipedia.org/wiki/Zepp#%E5%AD%98%E5%BB%83%E5%95%8F%E9%A1%8C","FALSE"
"46","4003","仙台サンプラザホール","ホール","宮城",NULL,"2372","宮城県仙台市宮城野区榴岡5丁目11−1","http://www.sendai-sunplaza.com/hall/visitor/areamap/","TRUE"
"47","4004","仙台GIGS","ライブハウス","宮城","1560",NULL,"宮城県仙台市若林区荒井東1丁目4−1","https://www.sendaigigs.com/","TRUE"
"48","4005","仙台電力ホール","ホール","宮城",NULL,"1000","宮城県仙台市青葉区一番町3丁目7−1","https://hall.d-biru.com/","TRUE"
"49","4006","仙台darwin","ライブハウス","宮城","367",NULL,"宮城県仙台市青葉区一番町3丁目9−13 DATEONEビル B1F","https://www.edward.co.jp/theater/info/","TRUE"
"50","4007","仙台Rensa","ライブハウス","宮城","700",NULL,"宮城県仙台市青葉区一番町4丁目9−18 TICビル 7F","http://www.rensa.jp/","TRUE"
"51","4008","宮城県民会館","ホール","宮城",NULL,"1590","宮城県仙台市青葉区国分町3丁目3−7","https://miyagi-hall.jp/","TRUE"
"52","4009","仙台市民会館 大ホール","ホール","宮城",NULL,"1310","宮城県仙台市青葉区桜ケ岡公園4−1","http://www.tohoku-kyoritz.co.jp/shimin/index1.html","FALSE"
"53","4009","トークネットホール仙台 大ホール","ホール","宮城",NULL,"1310","宮城県仙台市青葉区桜ケ岡公園4−1","http://www.tohoku-kyoritz.co.jp/shimin/index1.html","TRUE"
"54","4010","イズミティ21 大ホール","ホール","宮城",NULL,"1450","宮城県仙台市泉区泉中央2丁目18−1","https://izumity21.jp/","TRUE"
"55","4011","仙台PIT","ライブハウス","宮城","1451",NULL,"宮城県仙台市太白区あすと長町2丁目2−50","https://sendai-pit.team-smile.org/","TRUE"
"56","4012","多賀城緑地公園特設会場","特設ステージ","宮城",NULL,NULL,"宮城県多賀城市大代1丁目16−1",,"TRUE"
"57","4013","名取市文化会館 大ホール","ホール","宮城",NULL,"1350","宮城県名取市増田柳田520","http://bunka.natori.or.jp/daihall/","TRUE"
"58","4014","仙台CLUB JUNK BOX","ライブハウス","宮城","450","1590","仙台市青葉区一番町3-11-15 FORUS地下2階","http://www.junkbox.co.jp/sendai/indexpc.htm","TRUE"
"59","4015","匂当台公園市民広場","特設ステージ","宮城",NULL,NULL,"宮城県仙台市青葉区国分町３丁目７",,"TRUE"
"60","4016","ヒルサイドショップス＆アウトレット 中庭ステージ","イベントスペース","宮城",NULL,NULL,"宮城県仙台市青葉区錦ケ丘１丁目３−１","https://www.homemate-research.com/useful/18278_shopp_039/","TRUE"
"61","4017","イービーンズ 10F 屋上特設ステージ","イベントスペース","宮城",NULL,NULL,"宮城県仙台市青葉区中央４丁目１−１","https://www.e-beans.jp/event-space/","TRUE"
"62","4018","イオンタウン泉大沢 1F セントラルコート","イベントスペース","宮城",NULL,NULL,"宮城県仙台市泉区大沢１丁目５−１","https://www.aeontown.co.jp/izumiosawa/","TRUE"
"63","4019","イオンモール名取 イーストウイング","イベントスペース","宮城",NULL,NULL,"宮城県名取市杜せきのした5丁目3番地の1 ","https://natori-aeonmall.com/","TRUE"
"64","5001","ふるさと村ドーム劇場","ホール","秋田",NULL,"997","秋田県横手市赤坂富ケ沢62−46","http://www.akitafurusatomura.co.jp/pages/page/rent","TRUE"
"65","5002","秋田県児童会館 子ども劇場けやきシアター","ホール","秋田",NULL,"778","秋田県秋田市山王中島町1−2","http://akita-jidoukaikan.com/keyaki","TRUE"
"66","5003","秋田県民会館","ホール","秋田",NULL,"1839","秋田県秋田市千秋明徳町2−52","https://ja.wikipedia.org/wiki/%E7%A7%8B%E7%94%B0%E7%9C%8C%E6%B0%91%E4%BC%9A%E9%A4%A8","FALSE"
"67","5004","秋田Club SWINDLE","ライブハウス","秋田","350",NULL,"秋田県秋田市大町2丁目2−3 ホテルパールシティ秋田竿燈大通りB1F","https://www.cna.ne.jp/~swindle-/top.htm","TRUE"
"68","5005","大館市民文化会館","ホール","秋田",NULL,"1198","秋田県大館市桜町南45−1","http://odate-bunka.com/","TRUE"
"69","5006","大館樹海ドーム","ドーム/スタジアム","秋田",NULL,"15000","秋田県大館市上代野稲荷台1−1","http://www.jukaidome.com/","TRUE"
"70","5007","湯沢文化会館","ホール","秋田",NULL,"1203","秋田県湯沢市沖鶴103−1","https://www.city-yuzawa.jp/life/7/59/","TRUE"
"71","5008","男鹿市船川港内特設ステージ","特設ステージ","秋田",NULL,NULL,"秋田県男鹿市船川港船川栄町",,"TRUE"
"72","6001","やまぎんホール","ホール","山形",NULL,"1496","山形県山形市七日町3丁目1−23","https://ja.wikipedia.org/wiki/%E5%B1%B1%E5%BD%A2%E7%9C%8C%E7%9C%8C%E6%B0%91%E4%BC%9A%E9%A4%A8","FALSE"
"73","6001","山形県県民会館","ホール","山形",NULL,"1496","山形県山形市七日町3丁目1−23","https://ja.wikipedia.org/wiki/%E5%B1%B1%E5%BD%A2%E7%9C%8C%E7%9C%8C%E6%B0%91%E4%BC%9A%E9%A4%A8","FALSE"
"74","6002","山形ミュージック昭和Session","ライブハウス","山形","250",NULL,"山形県山形市東原町4丁目19−1","https://www.musicshowa.co.jp/session","TRUE"
"75","6003","酒田市民会館(希望ホール)","ホール","山形",NULL,"1287","山形県酒田市本町2丁目2−10","https://kibou-hall.sakata.yamagata.jp/","TRUE"
"76","6004","シェルターなんようホール 大ホール","ホール","山形",NULL,"1403","山形県南陽市三間通430−2","https://nanyoshi-bunkakaikan.jp/","TRUE"
"77","7001","会津風雅堂","ホール","福島",NULL,"1758","福島県会津若松市城東町12−1","http://aizu-bunka.jp/fugado/","TRUE"
"78","7002","郡山Hip Shot Japan","ライブハウス","福島","500",NULL,"福島県郡山市清水台1丁目6−16","http://www.hip-shot.com/","TRUE"
"79","7003","けんしん郡山文化センター 中ホール","ホール","福島",NULL,"806","福島県郡山市堤下町1−2","https://bunka-manabi.or.jp/kc-center/institution/hall-middle.html","TRUE"
"80","7004","けんしん郡山文化センター 大ホール","ホール","福島",NULL,"2000","福島県郡山市堤下町1−2","https://bunka-manabi.or.jp/kc-center/institution/hall-large.html","TRUE"
"81","7004","郡山市民文化センター 大ホール","ホール","福島",NULL,"2000","福島県郡山市堤下町1−2","https://bunka-manabi.or.jp/kc-center/","TRUE"
"82","7005","ビッグパレットふくしま","ホール","福島",NULL,"5500","福島県郡山市南2丁目52","https://www.big-palette.jp/","TRUE"
"83","7006","原町市民文化会館","ホール","福島",NULL,"1109","福島県南相馬市原町区本町2丁目28−1","http://www.yumehat.or.jp/","TRUE"
"84","7007","パルセいいざか","ホール","福島",NULL,"1940","福島県福島市飯坂町筑前27−1","https://paruse.fckk.jp/","TRUE"
"85","7008","福島県アルツ磐梯スキー場特設ステージ","特設ステージ","福島",NULL,NULL,"福島県耶麻郡磐梯町更科清水平6838−68","https://surfsnow.jp/guide/htm/r0275s.htm","TRUE"
"86","7009","エスパル福島 ネクストホール","ホール","福島","700","380","福島県福島市栄町１−１","https://www.s-pal.jp/fukushima/floormap/%E3%83%8D%E3%82%AF%E3%82%B9%E3%83%88%E3%83%9B%E3%83%BC%E3%83%AB/","TRUE"
"87","8001","ひたちなか市文化会館","ホール","茨城",NULL,"1368","茨城県ひたちなか市青葉町1−1","https://hitachinaka-culturehall.jp/","TRUE"
"88","8002","結城市民文化センターアクロス 大ホール","ホール","茨城",NULL,"1276","茨城県結城市中央町2丁目2","http://across.ycsf.or.jp/","TRUE"
"89","8003","行方市文化会館","ホール","茨城",NULL,"548","茨城県行方市山田2175","https://www.city.namegata.ibaraki.jp/page/page000421.html","TRUE"
"90","8004","高萩市文化会館","ホール","茨城",NULL,"670","茨城県高萩市高萩6","https://www.city.takahagi.ibaraki.jp/page/page000106.html","TRUE"
"91","8005","神栖町文化センター","ホール","茨城",NULL,"1026","茨城県神栖市溝口4991−4","http://www.k-bssk.or.jp/bunka/","TRUE"
"92","8006","茨城県立県民文化センター 大ホール","ホール","茨城",NULL,"1514","茨城県水戸市千波町 東久保 697番地","https://icf4717.or.jp/bunkacenter/","TRUE"
"93","8007","茨城CLUB VOICE","ライブハウス","茨城","500",NULL,"茨城県水戸市大工町1丁目6−1 ベルスポットビル4F","http://www.voice-mito.com/","TRUE"
"94","8008","水戸ライトハウス","ライブハウス","茨城","350",NULL,"茨城県水戸市南町3丁目3−28","https://mitolighthouse.com/pctop.htm","TRUE"
"95","8009","国営ひたち海浜公園 BUZZ STAGE","特設ステージ","茨城","4500",NULL,"茨城県ひたちなか市馬渡 字大沼605-4","https://ja.wikipedia.org/wiki/ROCK_IN_JAPAN_FESTIVAL","TRUE"
"96","8010","国営ひたち海浜公園 sound of forest","特設ステージ","茨城","8000",NULL,"茨城県ひたちなか市馬渡 字大沼605-4","https://ja.wikipedia.org/wiki/ROCK_IN_JAPAN_FESTIVAL","TRUE"
"97","8011","国営ひたち海浜公園 PARK STAGE","特設ステージ","茨城","10000",NULL,"茨城県ひたちなか市馬渡 字大沼605-4","https://ja.wikipedia.org/wiki/ROCK_IN_JAPAN_FESTIVAL","TRUE"
"98","8012","国営ひたち海浜公園 GRASS STAGE","特設ステージ","茨城","70000",NULL,"茨城県ひたちなか市馬渡 字大沼605-4","https://ja.wikipedia.org/wiki/ROCK_IN_JAPAN_FESTIVAL","TRUE"
"99","8013","イオンモールつくば 屋外イベント広場ソラステ","イベントスペース","茨城",NULL,NULL,"茨城県つくば市稲岡66−１","https://tsukuba-aeonmall.com/static/detail/eventspace","TRUE"
"100","8014","イオンモール土浦 1F 花火ひろば","イベントスペース","茨城",NULL,NULL,"茨城県土浦市上高津３６７","https://www.aeon.jp/sc/tsuchiura/info/info_saiji/","TRUE"
"101","9001","宇都宮VOGUE","ライブハウス","栃木","300",NULL,"栃木県宇都宮市宮園町5−33 東武宇都宮ビルB1","https://www.sobun-tochigi.jp/subhall.html","FALSE"
"102","9001","HEAVEN'S ROCK 宇都宮 VJ-2","ライブハウス","栃木","300",NULL,"栃木県宇都宮市宮園町5−33 東武宇都宮ビルB1","http://www.heavensrock.com/vj2/vj2_access.html","TRUE"
"103","9002","栃木県総合文化センター メインホール","ホール","栃木",NULL,"1604","栃木県宇都宮市本町1−8","https://www.sobun-tochigi.jp/","TRUE"
"104","9003","栃木県総合文化センター サブホール","ホール","栃木",NULL,"505","栃木県宇都宮市本町1−8","https://www.sobun-tochigi.jp/subhall.html","TRUE"
"105","9004","宇都宮市文化会館 大ホール","ホール","栃木",NULL,"2000","栃木県宇都宮市明保野町7−66","http://www.bunkakaikan.com/","TRUE"
"106","9005","佐野市文化会館大ホール","ホール","栃木",NULL,"547","栃木県佐野市浅沼町508−5","https://www.sano-culture.jp/culturehall/hall_big/","TRUE"
"107","9006","栃木県南地域地場産業振興センター","ホール","栃木",NULL,NULL,"栃木県足利市田中町32−1","http://www.watv.ne.jp/jibasan1/","TRUE"
"108","9007","足利市民会館 大ホール","ホール","栃木",NULL,"1452","栃木県足利市有楽町837","http://shimin-kaikan.ashikaga-mbs.or.jp/files/uploads/shisetu_recipe.pdf","TRUE"
"109","9008","黒磯市文化会館","ホール","栃木",NULL,"1456","栃木県那須塩原市上厚崎490","http://www.kurobun.com/traffic.html","FALSE"
"110","9008","那須塩原市黒磯文化会館 大ホール","ホール","栃木",NULL,"1456","栃木県那須塩原市上厚崎490","http://www.kurobun.com/traffic.html","TRUE"
"111","10001","伊勢崎市文化会館 大ホール","ホール","群馬",NULL,"1530","群馬県伊勢崎市昭和町3918","https://isesaki-bunka.com/","TRUE"
"112","10002","桐生市市民文化会館 シルクホール","ホール","群馬",NULL,"1517","群馬県桐生市織姫町2−5","https://ja.wikipedia.org/wiki/%E6%A1%90%E7%94%9F%E5%B8%82%E5%B8%82%E6%B0%91%E6%96%87%E5%8C%96%E4%BC%9A%E9%A4%A8","FALSE"
"113","10002","美喜仁桐生文化会館 シルクホール","ホール","群馬",NULL,"1517","群馬県桐生市織姫町2−5","http://www.kiryu-piif.jp/","TRUE"
"114","10003","高崎club FLEEZ","ライブハウス","群馬","500",NULL,"群馬県高崎市宮元町17","https://clubfleez.jp/","TRUE"
"115","10004","高崎市文化会館","ホール","群馬",NULL,"705","群馬県高崎市末広町23−1","http://www.takasaki-foundation.or.jp/b-kaikan/","TRUE"
"116","10005","渋川市民会館","ホール","群馬",NULL,"1259","群馬県渋川市渋川 2795","https://shibukawa-civichall.com/","TRUE"
"117","10006","利根沼田文化会館","ホール","群馬",NULL,"965","群馬県沼田市上原町1801−2","http://www.oze.or.jp/~kaikan/","TRUE"
"118","10007","グリーンドーム前橋","ドーム/スタジアム","群馬",NULL,"12596","群馬県前橋市岩神町1丁目2−1","https://greendome.jp/","TRUE"
"119","10008","昌賢学園まえばしホール 大ホール","ホール","群馬",NULL,"1200","群馬県前橋市南町三丁目62番地1","https://www.maebashi-cc.or.jp/maebashishibun/","TRUE"
"120","10008","前橋市民文化会館 大ホール","ホール","群馬",NULL,"1200","群馬県前橋市南町三丁目62番地1","https://www.maebashi-cc.or.jp/maebashishibun/","TRUE"
"121","10009","前橋市民文化会館 小ホール","ホール","群馬",NULL,"600","群馬県前橋市南町三丁目62番地1","https://www.maebashi-cc.or.jp/maebashishibun/","TRUE"
"122","10010","ベイシア文化ホール 大ホール","ホール","群馬",NULL,"2221","群馬県前橋市日吉町1丁目10−1","https://www.maebashi-cc.or.jp/kenmin/","TRUE"
"123","10010","群馬県民会館","ホール","群馬",NULL,"2221","群馬県前橋市日吉町1丁目10−1","https://www.maebashi-cc.or.jp/kenmin/","TRUE"
"124","10011","太田市民会館","ホール","群馬",NULL,"943","群馬県太田市飯塚町200−1","https://www.otacivichall.net/","TRUE"
"125","10012","LABI1 高崎","イベントスペース","群馬",NULL,NULL,"群馬県高崎市栄町１−１","https://www.yamada-denki.jp/store/contents/?d=124","TRUE"
"126","10013","けやきウォーク前橋 1F けやきコート","イベントスペース","群馬",NULL,NULL,"群馬県前橋市文京町２丁目１−１","http://www.keyaki-walk.com/floor/","TRUE"
"127","11001","大宮ソニックシティ 大ホール","ホール","埼玉",NULL,"2505","埼玉県さいたま市大宮区桜木町1丁目7−5","https://www.sonic-city.or.jp/","TRUE"
"128","11002","さいたま市民会館おおみや 大ホール","ホール","埼玉",NULL,"1370","埼玉県さいたま市大宮区大門町2-118 大宮門街4-8F","https://saitama-culture.jp/raibochall/","TRUE"
"129","11003","HEAVEN'S ROCK さいたま新都心 VJ-3","ライブハウス","埼玉","350",NULL,"埼玉県さいたま市中央区上落合4丁目1−1","http://www.heavensrock.com/vj3/vj3_access.html","TRUE"
"130","11004","さいたまスーパーアリーナ","アリーナ","埼玉",NULL,"22500","埼玉県さいたま市中央区新都心8","https://www.saitama-arena.co.jp/floor_map/arena.html","TRUE"
"131","11005","さいたま市文化センター 大ホール","ホール","埼玉",NULL,"2006","埼玉県さいたま市南区根岸1丁目7−1","http://www.saitama-culture.jp/bunka/lhall.html","TRUE"
"132","11005","浦和市文化センター","ホール","埼玉",NULL,"2006","埼玉県さいたま市南区根岸1丁目7−1","http://www.saitama-culture.jp/bunka/lhall.html","TRUE"
"133","11006","羽生市産業文化ホール","ホール","埼玉",NULL,"1286","埼玉県羽生市下羽生876","https://www.hanyu-bunka.jp/about/p01.html#:~:text=%E6%96%BD%E8%A8%AD%E6%A6%82%E8%A6%81,%E7%89%B9%E5%BE%B4%E7%9A%84%E3%81%AA%E3%83%9B%E3%83%BC%E3%83%AB%E3%81%A7%E3%81%99%E3%80%82","TRUE"
"134","11007","サンシティホール 大ホール","ホール","埼玉",NULL,"1675","埼玉県越谷市南越谷1-2876-1","http://www.suncityhall.jp/","TRUE"
"135","11007","サンシティ越谷市民ホール","ホール","埼玉",NULL,"1675","埼玉県越谷市南越谷1-2876-1","http://www.suncityhall.jp/facilities/post_7.html","TRUE"
"136","11008","パストラルかぞ 大ホール","ホール","埼玉",NULL,"1005","埼玉県加須市上三俣2255","https://www.city.kazo.lg.jp/soshiki/bunka_gakushu/pasutorarukazo/index.html","TRUE"
"137","11009","熊谷文化創造館太陽のホール","ホール","埼玉",NULL,"1000","埼玉県熊谷市拾六間111−1","https://www.sakuramate.jp/","TRUE"
"138","11010","彩の国くまがやドーム 体育館","アリーナ","埼玉",NULL,NULL,"埼玉県熊谷市上川上300","https://www.parks.or.jp/kumagaya/guide/000/000768.html","TRUE"
"139","11011","HEAVEN'S ROCK 熊谷 VJ-1","ライブハウス","埼玉","380",NULL,"埼玉県熊谷市筑波1丁目130 サンクチュアリーオブアートビル","http://www.heavensrock.com/vj1/vj1_access.html","TRUE"
"140","11012","熊谷会館","ホール","埼玉",NULL,"1468","埼玉県熊谷市末広3-9-2","https://ticket.jp/venues/saitama-353","FALSE"
"141","11013","戸田市文化会館","ホール","埼玉",NULL,"1210","埼玉県戸田市上戸田4丁目8−1","http://www.todacity-culturehall.jp/","TRUE"
"142","11014","三郷市文化会館 大ホール","ホール","埼玉",NULL,"1292","埼玉県三郷市早稲田5丁目4−1","https://www.misato-hall.com/bunka/","TRUE"
"143","11015","春日部市民文化会館","ホール","埼玉",NULL,"1500","埼玉県春日部市粕壁東2丁目8−61","https://www.city.kasukabe.lg.jp/soshikikarasagasu/gakkosomuka/gyomuannai/4/1/2/6210.html","TRUE"
"144","11016","川口総合文化センター・リリア メインホール","ホール","埼玉",NULL,"2002","埼玉県川口市川口3丁目1−1","https://www.lilia.or.jp/","TRUE"
"145","11017","西川口Hearts","ライブハウス","埼玉","250",NULL,"埼玉県川口市並木2丁目10−25","http://hearts-web.net/","TRUE"
"146","11018","草加市文化会館","ホール","埼玉",NULL,"1200","埼玉県草加市松江1丁目1−5","https://soka-bunka.jp/","TRUE"
"147","11019","東松山市民文化センター","ホール","埼玉",NULL,"1200","埼玉県東松山市六軒町5−2","https://theater.pac.or.jp/","TRUE"
"148","11020","コピスみよし(三芳町文化会館)","ホール","埼玉",NULL,"497","埼玉県入間郡三芳町藤久保1100−1","https://www.miyoshi-culture.jp/","TRUE"
"149","11021","本庄市民文化会館","ホール","埼玉",NULL,"1200","埼玉県本庄市北堀1422−3","http://www.catnet.jp/hj07721001/","TRUE"
"150","11022","和光市民文化センター 大ホール","ホール","埼玉",NULL,"1286","埼玉県和光市広沢1-5","http://www.sunazalea.or.jp/hall/","TRUE"
"151","11023","イオンレイクタウン mori1F 木の広場","イベントスペース","埼玉",NULL,NULL,"埼玉県越谷市レイクタウン３丁目１−１","https://www.aeon-laketown.jp/mori/info/info_saiji/","TRUE"
"152","11024","モラージュ菖蒲 １階 滝のコート","イベントスペース","埼玉",NULL,NULL,"埼玉県久喜市菖蒲町菖蒲６００５−１","http://www.mallage.com/shobu/floor/","TRUE"
"153","11025","イベントステージ 東武動物公園 HOLA!","野外ステージ","埼玉",NULL,"1308","埼玉県南埼玉郡宮代町須賀","https://www.tobuzoo.com/servicelist/","TRUE"
"154","11026","イトーヨーカドー錦町 1F正面玄関イベント広場","イベントスペース","埼玉",NULL,NULL,"埼玉県蕨市錦町１丁目１２−１",,"FALSE"
"155","11027","アリオ川口 1F センターコート","イベントスペース","埼玉",NULL,NULL,"埼玉県川口市並木元町１−７９","https://space.ario.jp/space/375/","TRUE"
"156","11028","ららぽーと新三郷 1F スカイガーデンステージ","イベントスペース","埼玉",NULL,NULL,"埼玉県三郷市新三郷ららシティ3-1-1","https://mitsui-shopping-park.com/lalaport/shinmisato/floor/","TRUE"
"157","11029","ステラモール 1F メローペ広場","イベントスペース","埼玉",NULL,NULL,"埼玉県さいたま市北区宮原町１丁目８５４−１","https://www.stellartown.com/stellar/floor/","TRUE"
"158","12001","浦安市文化会館","ホール","千葉",NULL,"1188","千葉県浦安市猫実1丁目1−2","https://www.urayasu-zaidan.or.jp/urayasu-bunka/","TRUE"
"159","12002","千葉県南総文化ホール","ホール","千葉",NULL,"1200","千葉県館山市北条740−1","https://www.cbs.or.jp/nanso/","TRUE"
"160","12003","君津市民文化ホール","ホール","千葉",NULL,"1200","千葉県君津市三直622","https://www.kimibun.jp/guide/","TRUE"
"161","12004","市原市市民会館","ホール","千葉",NULL,"1542","千葉県市原市惣社1丁目1−1","https://ichiharahall.or.jp/","TRUE"
"162","12005","市川市文化会館 大ホール","ホール","千葉",NULL,"1758","千葉県市川市大和田1丁目1−5","https://www.tekona.net/bunkakaikan/rental_18.html","TRUE"
"163","12006","ホテル三日月 勝浦","その他","千葉",NULL,NULL,"千葉県勝浦市墨名820","https://www.hmi.co.jp/mikazuki-katsuura/","TRUE"
"164","12007","松戸森のホール21 大ホール","ホール","千葉",NULL,"1955","千葉県松戸市千駄堀646−4","https://www.morinohall21.com/mori/d_hall/","TRUE"
"165","12008","千葉県文化会館 大ホール","ホール","千葉",NULL,"1790","千葉県千葉市中央区市場町11−2","https://www.chibacity-ta.or.jp/spots/chiba-bunkakaikan","TRUE"
"166","12009","千葉市民会館 大ホール","ホール","千葉",NULL,"1001","千葉県千葉市中央区要町1−1","https://www.city.chiba.jp/shisetsu/bunka/0007.html","TRUE"
"167","12010","幕張メッセ 国際展示場1・2ホール","アリーナ","千葉",NULL,NULL,"千葉県千葉市美浜区中瀬2丁目1","https://www.m-messe.co.jp/organizers/guide/exhibitionhall/guide_exibition1-8","TRUE"
"168","12010","幕張メッセ国際展示場1〜11ホール","アリーナ","千葉",NULL,NULL,"千葉県千葉市美浜区中瀬2丁目1","https://www.m-messe.co.jp/organizers/guide/exhibitionhall/guide_exibition1-8","TRUE"
"169","12010","幕張メッセ国際展示場1ホール","アリーナ","千葉",NULL,NULL,"千葉県千葉市美浜区中瀬2丁目1","https://www.m-messe.co.jp/organizers/guide/exhibitionhall/guide_exibition1-8","TRUE"
"170","12010","幕張メッセ国際展示場 展示ホール5・6ホール","アリーナ","千葉",NULL,NULL,"千葉県千葉市美浜区中瀬2丁目1","https://www.m-messe.co.jp/organizers/guide/exhibitionhall/guide_exibition1-8","TRUE"
"171","12011","柏PALOOZA","ライブハウス","千葉","500",NULL,"千葉県柏市柏3丁目2−22 林ビル 2F","http://www.kashiwa-palooza.com/pc/index2.html","TRUE"
"172","12012","柏市民会館","ホール","千葉",NULL,"1338","千葉県柏市柏下107","http://www.kashiwa-sbk.com/","TRUE"
"173","12013","かずさアカデミアホール","ホール","千葉",NULL,"700","千葉県木更津市かずさ鎌足2丁目3−9","http://www.kap.co.jp/hall/","TRUE"
"174","12014","野田市文化会館 大ホール","ホール","千葉",NULL,"1226","千葉県野田市鶴奉5番地の1","http://noda-bunka.jp/facility/","TRUE"
"175","12015","明海大学浦安キャンパス","その他","千葉",NULL,NULL,"千葉県浦安市明海１丁目","https://www.meikai.ac.jp/","TRUE"
"176","12015","イオンモール幕張新都心 グランドモール1F グランドコート","イベントスペース","千葉",NULL,NULL,"千葉県千葉市美浜区豊砂１丁目１ イオンモール 1F グランドモール","https://makuharishintoshin-aeonmall.com/static/detail/eventspace","TRUE"
"177","12016","幕張メッセ国際展示場 ASTRO ARENA","アリーナ","千葉",NULL,"9000","千葉県千葉市美浜区中瀬2丁目1","https://www.m-messe.co.jp/organizers/guide/exhibitionhall/guide_exibition1-8","TRUE"
"178","12016","イオンモール幕張新都心 グランドモール1F グランドスクエア","イベントスペース","千葉",NULL,NULL,"千葉県千葉市美浜区豊砂１丁目１ イオンモール 1F グランドモール","https://makuharishintoshin-aeonmall.com/static/detail/eventspace","TRUE"
"179","12017","ららぽーとTOKYO-BAY 北館1F 中央広場","イベントスペース","千葉",NULL,NULL,"千葉県船橋市浜町２丁目１−１","https://mitsui-shopping-park.com/lalaport/tokyo-bay/floor/","TRUE"
"180","12018","ららぽーと柏の葉 2Fセンタープラザ","イベントスペース","千葉",NULL,NULL,"千葉県柏市若柴１７５","https://mitsui-shopping-park.com/lalaport/kashiwa/floor/floor2.html","TRUE"
"181","12019","流山おおたかの森S・C","イベントスペース","千葉",NULL,NULL,"千葉県流山市おおたかの森南１丁目５−１","https://www.otakanomori-sc.com/","TRUE"
"182","13001","よみうりランドオープンシアターEAST","野外ステージ","東京",NULL,"4182","東京都稲城市矢野口4015","https://www.yomiuriland.com/pdf/east.pdf","FALSE"
"183","13002","よみうりランド 日テレらんらんホール","ホール","東京",NULL,"1000","東京都稲城市矢野口4015−1","https://www.yomiuriland.com/lanlan-hall/","TRUE"
"184","13003","かめありリリオホール","ホール","東京",NULL,"610","東京都葛飾区亀有3丁目26−1","https://www.k-mil.gr.jp/institution/lirio/","TRUE"
"185","13004","かつしかシンフォニーヒルズ モーツァルトホール","ホール","東京",NULL,"1318","東京都葛飾区立石6丁目33−1","https://www.k-mil.gr.jp/institution/symphony/","TRUE"
"186","13005","タワーホール船堀 大ホール","ホール","東京",NULL,"753","東京都江戸川区船堀4丁目1−1","https://www.towerhall.jp/","TRUE"
"187","13006","江戸川区総合文化センター 大ホール","ホール","東京",NULL,"1497","東京都江戸川区中央4丁目14−1","https://edogawa-bunkacenter.jp/facilities/hall.html","TRUE"
"188","13007","ティアラこうとう 大ホール","ホール","東京",NULL,"1228","東京都江東区住吉2丁目28−36","https://www.kcf.or.jp/tiara/","TRUE"
"189","13008","STUDIO COAST","ライブハウス","東京","2402","1103","東京都江東区新木場2丁目2−10","https://www.studio-coast.com/","FALSE"
"190","13009","Zepp DiverCity","ライブハウス","東京","2473","1102","東京都江東区青海1丁目1−10","https://www.zepp.co.jp/","TRUE"
"191","13010","Zepp Tokyo","ライブハウス","東京","2709","1200","東京都江東区青海1丁目3−11","https://www.zepp.co.jp/","FALSE"
"192","13011","青海野外特設会場","特設ステージ","東京",NULL,NULL,"東京都江東区青海2丁目1",,"TRUE"
"193","13012","豊洲PIT","ライブハウス","東京","3103","1328","東京都江東区豊洲6丁目1−23","https://toyosu-pit.team-smile.org/","TRUE"
"194","13013","有明コロシアム","ドーム/スタジアム","東京",NULL,"10008","東京都江東区有明2丁目2−22","https://www.tptc.co.jp/park/02_03/colosseum/04","TRUE"
"195","13014","TFTホール1000","ホール","東京",NULL,"1000","東京都江東区有明3丁目4−10 TFTビル西館2F","https://www.bigsight.jp/organizer/buildings/tft/facilities/tfthall/","TRUE"
"196","13015","TFTホール500","ホール","東京",NULL,"500","東京都江東区有明3丁目4−10 TFTビル西館2F","https://www.bigsight.jp/organizer/buildings/tft/facilities/tfthall/","TRUE"
"197","13016","TFTホール300","ホール","東京",NULL,"300","東京都江東区有明3丁目4−10 TFTビル西館2F","https://www.bigsight.jp/organizer/buildings/tft/facilities/tfthall/","TRUE"
"198","13017","ディファ有明","その他","東京","1823","1273","東京都江東区有明一丁目3-25","https://ja.wikipedia.org/wiki/%E3%83%87%E3%82%A3%E3%83%95%E3%82%A1%E6%9C%89%E6%98%8E","FALSE"
"199","13018","NEW PIER HALL","その他","東京","796",NULL,"東京都港区海岸1丁目11−1 ニューピア竹芝ノースタワー","http://www.newpier-hall.jp/","TRUE"
"200","13019","品川インターシティホール","ホール","東京",NULL,"600","東京都港区港南2-15-4","http://sic-hall.com/","TRUE"
"201","13020","THE GRAND HALL","その他","東京","462",NULL,"東京都港区港南2-16-4 品川グランドセントラルタワー3階","http://tg-hall.com/about/","TRUE"
"202","13021","品川ステラボール","ホール","東京",NULL,"1884","東京都港区高輪4丁目10−30","https://www.princehotels.co.jp/shinagawa/stellarball/","TRUE"
"203","13022","メルパルクホール","ホール","東京",NULL,"1582","東京都港区芝公園2丁目5−20","https://www.mielparque.jp/tokyo/hall/","TRUE"
"204","13023","マイナビBLITZ赤坂","ライブハウス","東京","1298",NULL,"東京都港区赤坂5丁目3−2","https://ja.wikipedia.org/wiki/%E8%B5%A4%E5%9D%82BLITZ","FALSE"
"205","13023","赤坂BLITZ","ライブハウス","東京","1298",NULL,"東京都港区赤坂5丁目3−2","https://ja.wikipedia.org/wiki/%E8%B5%A4%E5%9D%82BLITZ","FALSE"
"206","13024","パシフィックヘブン","イベントスペース","東京","90",NULL,"東京都港区東麻布1丁目28−12","https://ja.wikipedia.org/wiki/%E3%83%91%E3%82%B7%E3%83%95%E3%82%A3%E3%83%83%E3%82%AF%E3%83%98%E3%83%96%E3%83%B3","FALSE"
"207","13025","ラフォーレミュージアム六本木","ホール","東京",NULL,"1300","東京都港区六本木1丁目9−9","https://ja.wikipedia.org/wiki/%E5%85%AD%E6%9C%AC%E6%9C%A8%E3%83%95%E3%82%A1%E3%83%BC%E3%82%B9%E3%83%88%E3%83%93%E3%83%AB","FALSE"
"208","13026","STB139 スイートベイジル","ライブハウス","東京","250",NULL,"東京都港区六本木6丁目7-11","https://ja.wikipedia.org/wiki/STB139_%E3%82%B9%E3%82%A4%E3%83%BC%E3%83%88%E3%83%99%E3%82%A4%E3%82%B8%E3%83%AB","FALSE"
"209","13027","荒川区民会館サンパール荒川 大ホール","ホール","東京",NULL,"975","東京都荒川区荒川1丁目1−1","https://www.sunpearl-arakawa.com/","TRUE"
"210","13028","LINE CUBE SHIBUYA","ホール","東京",NULL,"1956","東京都渋谷区宇田川町1−1","https://linecubeshibuya.com/","TRUE"
"211","13028","渋谷C.C.Lemonホール","ホール","東京",NULL,"1956","東京都渋谷区宇田川町1−1","https://ja.wikipedia.org/wiki/%E6%B8%8B%E8%B0%B7%E5%85%AC%E4%BC%9A%E5%A0%82","TRUE"
"212","13028","渋谷公会堂","ホール","東京",NULL,"1956","東京都渋谷区宇田川町1−1","https://ja.wikipedia.org/wiki/%E6%B8%8B%E8%B0%B7%E5%85%AC%E4%BC%9A%E5%A0%82","TRUE"
"213","13029","渋谷CLUB QUATTRO","ライブハウス","東京","750",NULL,"東京都渋谷区宇田川町32−13 4・5F","https://www.club-quattro.com/shibuya/","TRUE"
"214","13030","渋谷club asia P","ライブハウス","東京","300",NULL,"東京都渋谷区円山町 1-8","https://clubasia.jp/#about","TRUE"
"215","13031","Shibuya O-EAST","ライブハウス","東京","1300",NULL,"東京都渋谷区円山町2−3 2F","https://shibuya-o.com/","TRUE"
"216","13031","TSUTAYA O-EAST","ライブハウス","東京","1300",NULL,"東京都渋谷区円山町2−3 2F","https://shibuya-o.com/","TRUE"
"217","13032","Shibuya O-WEST","ライブハウス","東京","600",NULL,"東京都渋谷区円山町2−3 2F","https://shibuya-o.com/west/","TRUE"
"218","13032","TSUTAYA O-WEST","ライブハウス","東京","600",NULL,"東京都渋谷区円山町2−3 2F","https://shibuya-o.com/west/","TRUE"
"219","13033","セルリアンタワー東急ホテル ボールルーム","ホール","東京",NULL,"1400","東京都渋谷区桜丘町26","https://www.tokyuhotels.co.jp/cerulean-h/banquet/ballroom/index.html","TRUE"
"220","13034","原宿アストロホール","ライブハウス","東京","400",NULL,"東京都渋谷区神宮前4丁目32−12 ニューウェーブ原宿 B1F","https://ja.wikipedia.org/wiki/%E5%8E%9F%E5%AE%BF%E3%82%A2%E3%82%B9%E3%83%88%E3%83%AD%E3%83%9B%E3%83%BC%E3%83%AB","FALSE"
"221","13035","国立代々木競技場 第一体育館","アリーナ","東京",NULL,"13243","東京都渋谷区神南2丁目1−1","https://www.jpnsport.go.jp/yoyogi/sisetu/tabid/70/Default.aspx","TRUE"
"222","13036","NHKホール","ホール","東京",NULL,"3800","東京都渋谷区神南2丁目2−1","https://www.nhk-sc.or.jp/nhk_hall/","TRUE"
"223","13037","SHIBUYA-AX","ライブハウス","東京","1700",NULL,"東京都渋谷区神南二丁目1番1号","https://www.shibuya-ax.com/","FALSE"
"224","13038","山野ホール","ホール","東京",NULL,"800","東京都渋谷区代々木1丁目53−1","https://www.yamanohall.com/","TRUE"
"225","13039","明治神宮会館","ホール","東京",NULL,"1914","東京都渋谷区代々木神園町1−1","https://www.meijijingu.or.jp/","TRUE"
"226","13040","恵比寿LIQUIDROOM","ライブハウス","東京","900",NULL,"東京都渋谷区東3丁目16−6","https://www.liquidroom.net/","TRUE"
"227","13041","Mt.RAINIER HALL","ホール","東京",NULL,"318","東京都渋谷区道玄坂2丁目29−5 渋谷プライム 6F","https://www.pleasure-pleasure.jp/","FALSE"
"228","13042","KOTORIホール","ホール","東京",NULL,"1031","東京都昭島市つつじが丘3丁目7−7","https://www.city.akishima.lg.jp/s128/010/010/030/080/20140916230020.html","TRUE"
"229","13043","日本青年館","ホール","東京",NULL,"1249","東京都新宿区霞ヶ丘町4−1","https://seinenkan-hall.com/","TRUE"
"230","13044","東京厚生年金会館","ホール","東京",NULL,"2062","東京都新宿区新宿5丁目2−3","https://ja.wikipedia.org/wiki/%E6%9D%B1%E4%BA%AC%E5%8E%9A%E7%94%9F%E5%B9%B4%E9%87%91%E4%BC%9A%E9%A4%A8","FALSE"
"231","13045","新宿ReNY","ライブハウス","東京","800",NULL,"東京都新宿区西新宿6丁目5−1 アイランドホール 2F","https://ruido.org/reny/","TRUE"
"232","13046","牛込箪笥区民ホール","ホール","東京",NULL,"392","東京都新宿区箪笥町15","https://shinjuku.hall-info.jp/tansu/","TRUE"
"233","13047","世田谷区民会館","ホール","東京",NULL,"1202","東京都世田谷区世田谷4丁目21−27","https://www.city.setagaya.lg.jp/mokuji/kusei/012/002/001/d00004089.html","TRUE"
"234","13048","一ツ橋ホール","ホール","東京",NULL,"802","東京都千代田区一ツ橋2丁目6−2 日本教育会館","https://www.jec.or.jp/hall.html","TRUE"
"235","13049","神田明神ホール","イベントスペース","東京","700",NULL,"東京都千代田区外神田2丁目16−2 神田明神文化交流館2F","http://myoujin-hall.jp/","TRUE"
"236","13050","COTTON CLUB","その他","東京",NULL,"120","東京都千代田区丸の内2丁目7−3, TOKIA, 2F 東京ビル","http://www.cottonclubjapan.co.jp/jp/","TRUE"
"237","13051","東京国際フォーラム ホールA","ホール","東京",NULL,"5012","東京都千代田区丸の内3丁目5−1","https://www.t-i-forum.co.jp/visitors/facilities/a/","TRUE"
"238","13052","東京国際フォーラムC","ホール","東京",NULL,"1502","東京都千代田区丸の内3丁目5−1","https://www.t-i-forum.co.jp/visitors/facilities/c/","TRUE"
"239","13053","TOKYO FM HALL","ホール","東京",NULL,"308","東京都千代田区麹町1-7 エフエムセンター2F","https://www.tfmhall.com/","TRUE"
"240","13054","日比谷野外大音楽堂","野外ステージ","東京",NULL,"3053","東京都千代田区日比谷公園1−5","http://hibiya-kokaido.com/","TRUE"
"241","13055","日本武道館","アリーナ","東京",NULL,"14471","東京都千代田区北の丸公園2−3","https://www.nipponbudokan.or.jp/","TRUE"
"242","13056","ヒューリックホール東京","ホール","東京",NULL,"886","東京都千代田区有楽町2丁目5−1 有楽町センタービル 11F","http://hulic-theater.com/","TRUE"
"243","13057","サンリオピューロランド エンターテイメントホール（ピューロビレッジ 1F）","ホール","東京",NULL,"400","東京都多摩市落合1丁目31","https://www.puroland.jp/facility/ehall/","TRUE"
"244","13058","パルテノン多摩 大ホール","ホール","東京",NULL,"1154","東京都多摩市落合2丁目35","https://www.parthenon.or.jp/","TRUE"
"245","13059","大田区民ホール・アプリコ 大ホール","ホール","東京",NULL,"1477","東京都大田区蒲田5丁目37−3","https://www.city.ota.tokyo.jp/shisetsu/aprico/","TRUE"
"246","13060","日本橋三井ホール","ホール","東京",NULL,"690","東京都中央区日本橋室町2丁目2−1","https://www.nihonbashi-hall.jp/","TRUE"
"247","13061","なかのZERO 大ホール","ホール","東京",NULL,"1292","東京都中野区中野2丁目9−7","https://www.nicesacademia.jp/zero/greathall/","TRUE"
"248","13062","中野サンプラザ","ホール","東京",NULL,"2222","東京都中野区中野4丁目1−1","https://www.sunplaza.jp/","TRUE"
"249","13063","町田市民ホール","ホール","東京",NULL,"862","東京都町田市森野2丁目2−36","https://www.m-shimin-hall.jp/seat-layout.php","TRUE"
"250","13064","J:COMホール八王子","ホール","東京",NULL,"2021","東京都八王子市子安町4丁目7−1","https://jcom.hall-info.jp/","TRUE"
"251","13064","オリンパスホール八王子","ホール","東京",NULL,"2021","東京都八王子市子安町4丁目7−1","https://jcom.hall-info.jp/","TRUE"
"252","13064","八王子市民会館","ホール","東京",NULL,"2021","東京都八王子市子安町4丁目7−1","https://jcom.hall-info.jp/","TRUE"
"253","13065","八王子市芸術文化会館いちょうホール 大ホール","ホール","東京",NULL,"802","東京都八王子市本町24−1","https://www.hachiojibunka.or.jp/icho/","TRUE"
"254","13066","板橋区立文化会館 大ホール","ホール","東京",NULL,"1263","東京都板橋区大山東町51−1","https://www.itabun.com/facility/bunka-h1.html","TRUE"
"255","13067","スクエア荏原ひらつかホール","ホール","東京",NULL,"362","東京都品川区荏原4丁目5−28","https://www.shinagawa-culture.or.jp/hp/menu000002900/hpg000002815.htm","TRUE"
"256","13068","五反田ゆうぽうとホール","ホール","東京",NULL,"1803","東京都品川区西五反田8丁目4−13","https://ja.wikipedia.org/wiki/%E3%82%86%E3%81%86%E3%81%BD%E3%81%86%E3%81%A8","FALSE"
"257","13069","府中の森芸術劇場どりーむホール","ホール","東京",NULL,"2027","東京都府中市浅間町1-2","http://www.fuchu-cpf.or.jp/theater/1000160/1000175.html","TRUE"
"258","13070","吉祥寺CLUB SEATA","ライブハウス","東京","500",NULL,"東京都武蔵野市吉祥寺本町1丁目20−3 吉祥寺パーキングプラザB1","https://seata.jp/","TRUE"
"259","13071","福生市民会館 大ホール","ホール","東京",NULL,"1062","東京都福生市福生2455−2455","https://fussa-shiminkaikan.jp/","TRUE"
"260","13072","福生市民会館 小ホール","ホール","東京",NULL,"260","東京都福生市福生2455−2455","https://fussa-shiminkaikan.jp/","TRUE"
"261","13073","JCBホール","ホール","東京",NULL,"3100","東京都文京区後楽1-3-61 東京ドームミーツポート1F","https://www.tokyo-dome.co.jp/tdc-hall/","TRUE"
"262","13073","TOKYO DOME CITY HALL","ホール","東京",NULL,"3100","東京都文京区後楽1-3-61 東京ドームミーツポート1F","https://www.tokyo-dome.co.jp/tdc-hall/","TRUE"
"263","13074","東京ドーム","ドーム/スタジアム","東京",NULL,"55000","東京都文京区後楽1丁目3−61","https://www.tokyo-dome.co.jp/dome/access/","TRUE"
"264","13075","サンシャイン劇場","その他","東京",NULL,"816","東京都豊島区東池袋3丁目1−4 文化会館ビル 4F","https://sunshine-theatre.co.jp/","TRUE"
"265","13076","東京総合美容専門学校","ホール","東京",NULL,"595","東京都豊島区南池袋2丁目8−7","https://www.tsbs.jp/rental","TRUE"
"266","13077","北とぴあ・さくらホール","ホール","東京",NULL,"1300","東京都北区王子1丁目11−1","https://www.hokutopia.jp/hall-guide/#:~:text=%E5%8C%97%E3%81%A8%E3%81%B4%E3%81%82%E3%81%AF%E5%8C%97,%E5%A4%9A%E7%9B%AE%E7%9A%84%E3%83%AB%E3%83%BC%E3%83%A0%E7%AD%89%E3%81%8C%E3%81%82%E3%82%8A%E3%81%BE%E3%81%99%E3%80%82","TRUE"
"267","13078","めぐろパーシモンホール","ホール","東京",NULL,"1200","東京都目黒区八雲1丁目1−1","persimmon.or.jp","TRUE"
"268","13079","TACHIKAWA STAGE GARDEN","ライブハウス","東京","2940","2448","東京都立川市緑町3−3 グリーンスプリングス Ｎ1","https://www.t-sg.jp/","TRUE"
"269","13080","IMAホール","ホール","東京",NULL,"500","東京都練馬区光が丘5丁目1−1, Ima, 4F","https://www.ima-hikarigaoka.jp/imahall/","TRUE"
"270","13081","練馬文化センター 大ホール","ホール","東京",NULL,"1486","東京都練馬区練馬1－17－37","https://www.neribun.or.jp/nerima.html","TRUE"
"271","13082","汐留日テレタワー B2Fゼロスタ広場 特設ステージ","特設ステージ","東京",NULL,NULL,"東京都港区東新橋１丁目６−１","https://www.mapple.net/spot/13025567/","TRUE"
"272","13083","拓殖大学八王子国際キャンパス 第一体育館アリーナ","アリーナ","東京",NULL,NULL,"東京都八王子市館町８１５－１","https://www.takushoku-u.ac.jp/summary/hachioji-campus.html","TRUE"
"273","13084","六本木ヒルズアリーナ","イベントスペース","東京","500","1000","東京都港区六本木６丁目９−１","https://www.hillsmediaspace.com/space_rh_detail01.html","TRUE"
"274","13085","高千穂大学","その他","東京",NULL,NULL,"東京都杉並区大宮２丁目１９−１","https://www.takachiho.jp/","TRUE"
"275","13086","渋谷シダックス カルチャーホール","ホール","東京",NULL,"160","東京都渋谷区神南1-12-10シダックス カルチャービレッジ","https://shidax-culturehall.com/","TRUE"
"276","13087","ダイバーシティ東京 2F フェスティバル広場","イベントスペース","東京",NULL,NULL,"東京都江東区青海１丁目１−１０ 東京プラザ内 2F ダイバーシティ+","https://mitsui-shopping-park.com/divercity-tokyo/special/eventspace/","TRUE"
"277","13088","MEGA WEB トヨタ シティショウケース1F MEGAステージ","イベントスペース","東京",NULL,NULL,"東京都江東区青海１丁目３−１２","https://ja.wikipedia.org/wiki/MEGAWEB","FALSE"
"278","13089","ヴィーナスフォート 2F 教会広場","イベントスペース","東京",NULL,NULL,"東京都江東区青海１丁目３−１５ ヴィーナスフォート",,"FALSE"
"279","13090","うるのん ステージ(パレットプラザ ステージ)","イベントスペース","東京",NULL,NULL,"東京都江東区青海１丁目３−１５　パレットタウン内パレットプラザ",,"FALSE"
"280","13091","お台場パレットタウン内 1階パレットプラザ特設ステージ","イベントスペース","東京",NULL,NULL,"東京都江東区青海１丁目３−１５　パレットタウン内パレットプラザ",,"TRUE"
"281","13092","アーバンドック ららぽーと豊洲 シーサイドデッキ メインステージ","イベントスペース","東京",NULL,NULL,"東京都江東区豊洲２丁目４−９","https://mitsui-shopping-park.com/lalaport/toyosu/floor/#/","TRUE"
"282","13093","赤坂サカス デリシャカスステージ","イベントスペース","東京",NULL,NULL,"東京都港区赤坂５丁目３−６","https://www.tbs.co.jp/sacas/","TRUE"
"283","13094","フジテレビ お台場マイナビステージ","特設ステージ","東京",NULL,NULL,"東京都港区台場2-4-8","https://www.fujimediahd.co.jp/corporate/access.html","TRUE"
"284","13095","ドリーム＊ステーション JOL原宿","イベントスペース","東京",NULL,NULL,"東京都渋谷区神宮前１丁目８−２ 竹下通り2F Solado 竹下通り","https://jol.mynavi.jp/","TRUE"
"285","13096","タワーレコード渋谷店 B1F「CUTUP STUDIO」","イベントスペース","東京",NULL,NULL,"東京都渋谷区神南１丁目２２−１４ タワーレコード 渋谷店 B1F","https://tower.jp/article/news/2012/11/22/n10","TRUE"
"286","13097","マルイシティ渋谷 1Ｆ店頭プラザ","イベントスペース","東京",NULL,NULL,"東京都渋谷区神南１丁目２２−６","https://www.0101.co.jp/721/","TRUE"
"287","13098","モリタウン MOVIX前ガーデンステージ","イベントスペース","東京",NULL,NULL,"東京都昭島市田中町５６２−１","https://www.moritown.com/facility/","TRUE"
"288","13099","新宿マルイ メン 屋上イベントスペース","イベントスペース","東京",NULL,NULL,"東京都新宿区新宿５丁目１６−４","https://www.0101.co.jp/074/shop-guide/floor.html","TRUE"
"289","13100","東京ドームシティ ラクーアガーデンステージ","イベントスペース","東京",NULL,NULL,"東京都文京区春日１丁目１−１","https://www.laqua.jp/event-host/garden-satge/","TRUE"
"290","13101","東武百貨店池袋店 8F 屋上スカイデッキ広場","イベントスペース","東京",NULL,NULL,"東京都豊島区西池袋１丁目１−２５ 東武百貨店池袋店 8F","https://www.tobu-dept.jp/ikebukuro/floormap/detail/8F","TRUE"
"291","13102","池袋サンシャインシティ アルパB1F 噴水広場","イベントスペース","東京",NULL,NULL,"東京都豊島区東池袋３丁目１ サンシャインシティ","https://sunshinecity.jp/facility/fountain.html","TRUE"
"292","13103","ららぽーと立川立飛 2F イベント広場","イベントスペース","東京",NULL,NULL,"東京都立川市泉町９３５−１","https://mitsui-shopping-park.com/lalaport/tachikawa/floor/","TRUE"
"293","13104","東京イースト21プラザ","イベントスペース","東京",NULL,NULL,"東京都江東区東陽６丁目３","https://tokyo-east21.co.jp/about/plaza.html","TRUE"
"294","13105","としまえん それいゆ広場 それいゆステージ(屋外ステージ)","野外ステージ","東京",NULL,NULL,"東京都練馬区向山3丁目25-1","https://ja.wikipedia.org/wiki/%E3%81%A8%E3%81%97%E3%81%BE%E3%81%88%E3%82%93","FALSE"
"295","14001","伊勢原市民文化会館 大ホール","ホール","神奈川",NULL,"1204","神奈川県伊勢原市田中348","https://www.city.isehara.kanagawa.jp/bunkakaikan/","TRUE"
"296","14002","よこすか芸術劇場","ホール","神奈川",NULL,"1806","神奈川県横須賀市本町3丁目27","https://www.yokosuka-arts.or.jp/","TRUE"
"297","14003","横浜アリーナ","アリーナ","神奈川",NULL,"17000","神奈川県横浜市港北区新横浜3丁目10","https://www.yokohama-arena.co.jp/","TRUE"
"298","14004","慶應義塾大学 日吉キャンパス日吉記念館","ホール","神奈川",NULL,NULL,"神奈川県横浜市港北区日吉4丁目1−1","https://www.keio.ac.jp/ja/keio-times/features/2021/6/","TRUE"
"299","14005","パシフィコ横浜 国立大ホール","ホール","神奈川",NULL,"5002","神奈川県横浜市西区みなとみらい1-1-1","https://www.pacifico.co.jp/visitor/floorguide/convention/tabid/203/Default.aspx","TRUE"
"300","14006","パシフィコ横浜展示ホールA / B","アリーナ","神奈川",NULL,NULL,"神奈川県横浜市西区みなとみらい1-1-1","https://www.pacifico.co.jp/visitor/floorguide/exhibition/tabid/205/Default.aspx","TRUE"
"301","14006","パシフィコ横浜 展示ホールC・D","アリーナ","神奈川",NULL,NULL,"神奈川県横浜市西区みなとみらい1-1-1","https://www.pacifico.co.jp/visitor/floorguide/exhibition/tabid/205/Default.aspx","TRUE"
"302","14007","LANDMARK HALL","ホール","神奈川",NULL,"378","神奈川県横浜市西区みなとみらい2丁目2−1 ランドマークプラザ 5F","https://landmarkhall.jp/","TRUE"
"303","14008","はまぎんホール ヴィアマーレ","ホール","神奈川",NULL,"517","神奈川県横浜市西区みなとみらい3丁目1−1","https://yokohama-viamare.or.jp/viamare.html","TRUE"
"304","14009","KT Zepp Yokohama","ライブハウス","神奈川","2146","1251","神奈川県横浜市西区みなとみらい4-3-6","https://www.zepp.co.jp/hall/yokohama/","TRUE"
"305","14010","横浜BLITZ","ライブハウス","神奈川","1700",NULL,"神奈川県横浜市西区みなとみらい5丁目1−3","https://ja.wikipedia.org/wiki/%E6%A8%AA%E6%B5%9CBLITZ","FALSE"
"306","14011","新都市ホール","ホール","神奈川",NULL,"1000","神奈川県横浜市西区高島2丁目18−1 横浜新都市ビル 9F","https://www.shimin-floor.jp/hall/","TRUE"
"307","14012","DMM VR THEATER","ホール","神奈川",NULL,"352","神奈川県横浜市西区南幸2丁目1-5","https://hamakore.yokohama/dmm-vr-theater-yokohama/","FALSE"
"308","14013","F.A.D YOKOHAMA","ライブハウス","神奈川","380",NULL,"神奈川県横浜市中区山下町168 1 レイトンハウス横浜 1F","http://www.fad-music.com/fad/","TRUE"
"309","14014","神奈川県民ホール","ホール","神奈川",NULL,"2493","神奈川県横浜市中区山下町3−1","https://www.kanagawa-kenminhall.com/","TRUE"
"310","14015","Club Lizard YOKOHAMA","ライブハウス","神奈川","300",NULL,"神奈川県横浜市中区山下町31 ミヨシビル","https://ja.wikipedia.org/wiki/Club_Lizard_Yokohama","FALSE"
"311","14016","横浜関内ホール 大ホール","ホール","神奈川",NULL,"1038","神奈川県横浜市中区住吉町4丁目42−1","https://www.kannaihall.jp/","TRUE"
"312","14017","横浜Bay Hall","ライブハウス","神奈川","1100",NULL,"神奈川県横浜市中区新山下3丁目4−17","https://bayhall.jp/","TRUE"
"313","14018","厚木Thunder Snake","ライブハウス","神奈川","300",NULL,"神奈川県厚木市旭町1丁目22−20 ハラダ旭町ビル1F","https://thunder-snake.com/","TRUE"
"314","14019","厚木市文化会館","ホール","神奈川",NULL,"1400","神奈川県厚木市恩名1丁目9−20","https://atsugi-bunka.jp/","TRUE"
"315","14020","ハーモニーホール座間 大ホール","ホール","神奈川",NULL,"1310","神奈川県座間市緑ケ丘1丁目1−2","http://www.ny.airnet.ne.jp/harmony/","TRUE"
"316","14021","秦野市文化会館","ホール","神奈川",NULL,"1455","神奈川県秦野市平沢82","https://www.city.hadano.kanagawa.jp/www/genre/1000000000236/index.html","TRUE"
"317","14022","CLUB CITTA'","ライブハウス","神奈川","1300","601","神奈川県川崎市川崎区小川町5−7","https://clubcitta.co.jp/","TRUE"
"318","14023","グリーンホール相模大野","ホール","神奈川",NULL,"1790","神奈川県相模原市南区相模大野4-4-1","https://hall-net.or.jp/01greenhall/","TRUE"
"319","14023","相模女子大学グリーンホール 大ホール","ホール","神奈川",NULL,"1790","神奈川県相模原市南区相模大野4-4-1","https://hall-net.or.jp/01greenhall/","TRUE"
"320","14024","南足柄市文化会館","ホール","神奈川",NULL,"1110","神奈川県南足柄市関本415-1","https://kintaromirai-hall.com/facility/","TRUE"
"321","14025","OTODAMA SEA STUDIO","ライブハウス","神奈川",NULL,NULL,NULL,NULL,"TRUE"
"322","14026","トレッサ横浜 南館センターガーデン","イベントスペース","神奈川",NULL,NULL,"神奈川県横浜市港北区師岡町700番地","https://www.tressa-yokohama.jp/shop/floor.jsp?fid=s1f","TRUE"
"323","14027","クイーンズスクエア 1Fクイーンズサークル","イベントスペース","神奈川",NULL,NULL,"神奈川県横浜市西区みなとみらい２丁目３ クイーンズタワーB","https://qsy-tqc.jp/event/space.html","TRUE"
"324","14028","小田原ダイナシティ ウエスト1Fキャニオンステージ","イベントスペース","神奈川",NULL,NULL,"神奈川県小田原市中里２０８","https://www.dynacity.jp/","TRUE"
"325","14029","アリオ橋本 1F アクアガーデン","イベントスペース","神奈川",NULL,NULL,"神奈川県相模原市緑区大山町１−２２","https://space.ario.jp/space/695/","TRUE"
"326","14030","ラゾーナ川崎プラザ 2F ルーファ広場 グランドステージ","イベントスペース","神奈川",NULL,NULL,"神奈川県川崎市幸区堀川町７２−１","https://www.mf-shogyo.co.jp/eventspace/facility/lzks","TRUE"
"327","15001","糸魚川市民会館","ホール","新潟",NULL,"929","新潟県糸魚川市一の宮1丁目2−1","https://www.city.itoigawa.lg.jp/3804.htm","TRUE"
"328","15002","新潟県民会館 大ホール","ホール","新潟",NULL,"1730","新潟県新潟市中央区一番堀通町3−13","https://www.niigata-kenminkaikan.jp/information/large-hall/","TRUE"
"329","15003","りゅーとぴあ 新潟市民芸術文化会館 劇場","ホール","新潟",NULL,"868","新潟県新潟市中央区一番堀通町3−2","https://www.ryutopia.or.jp/information/seat/theater-seat/","TRUE"
"330","15004","NIIGATA LOTS","ライブハウス","新潟","700",NULL,"新潟県新潟市中央区幸西4丁目3−5","https://www.fmniigata.com/lots/","TRUE"
"331","15005","新潟テルサ","ホール","新潟",NULL,"1510","新潟県新潟市中央区鐘木185−18","https://www.n-terrsa.jp/","TRUE"
"332","15006","GOLDEN PIGS RED STAGE","ライブハウス","新潟","300",NULL,"新潟県新潟市中央区東堀通1047","http://www.goldenpigs.com/red/aboutus.html","TRUE"
"333","15007","NEXS NIIGATA","ライブハウス","新潟","400",NULL,"新潟県新潟市中央区万代1丁目3−1 万代シネモールビル B1F","https://nexs-niigata.com/","TRUE"
"334","15008","新潟フェイズ","ライブハウス","新潟","1200","600","新潟県新潟市中央区万代3-2-10","https://ja.wikipedia.org/wiki/%E6%96%B0%E6%BD%9F%E3%83%95%E3%82%A7%E3%82%A4%E3%82%BA","FALSE"
"335","15009","長岡市立劇場 大ホール","ホール","新潟",NULL,"1500","新潟県長岡市幸町2丁目1−2","http://211.19.24.184/floor/big","TRUE"
"336","15010","南魚沼市民会館","ホール","新潟",NULL,"1224","新潟県南魚沼市六日町８６５","http://www.6bun.jp/kaikan/","TRUE"
"337","15011","苗場プリンスホテル野外特設会場","特設ステージ","新潟",NULL,NULL,"新潟県南魚沼郡湯沢町三国202","https://www.princehotels.co.jp/naeba/","TRUE"
"338","15012","長岡国営越後丘陵公園","特設ステージ","新潟",NULL,NULL,"新潟県長岡市宮本東方町 字三ツ又１９５０−１","https://echigo-park.jp/","TRUE"
"339","15013","万代シティパーク","イベントスペース","新潟",NULL,NULL,"新潟県新潟市中央区万代１丁目６−１","https://bandaicity.com/","TRUE"
"340","16001","オーバード・ホール","ホール","富山",NULL,"2196","富山県富山市牛島町9番28号","https://www.aubade.or.jp/","TRUE"
"341","16002","富山MAIRO","ライブハウス","富山","500",NULL,"富山県富山市桜町2丁目2−1 21ビル 5F","https://ticket.jp/venues/toyama-423#:~:text=%E5%AF%8C%E5%B1%B1MAIRO%E3%81%AF%E3%80%812000%E5%B9%B4,%E5%8F%8E%E5%AE%B9%E4%BA%BA%E6%95%B0%E3%81%AF500%E4%BA%BA%E3%80%82","FALSE"
"342","16003","富山県教育文化会館","ホール","富山",NULL,"621","富山県富山市舟橋北町7−1","https://www.bunka-toyama.jp/kyoubun/facilityguide/index.html","TRUE"
"343","16004","富山ソウルパワー","ライブハウス","富山","300",NULL,"富山県富山市常盤町1−3 常盤町第3ＫＫビル 3F","http://toyamasoulpower.web.fc2.com/","FALSE"
"344","16005","富山県総合運動公園陸上競技場","ドーム/スタジアム","富山",NULL,"25000","富山県富山市南中田３６８","http://www.toyamap.or.jp/kenso/","TRUE"
"345","16006","イオックスアローザスキー場 特設ステージ","特設ステージ","富山",NULL,NULL,"富山県南砺市才川七 字ススケ原115","https://iox-arosa.jp/","TRUE"
"346","17001","金沢歌劇座","ホール","石川",NULL,"1919","石川県金沢市下本多町6番丁 金沢歌劇座","https://www.kagekiza.gr.jp/","TRUE"
"347","17002","金沢市文化ホール","ホール","石川",NULL,"899","石川県金沢市高岡町15−1 金沢市文化ホール","https://www.bunka-h.gr.jp/","TRUE"
"348","17003","石川厚生年金会館","ホール","石川",NULL,"1707","石川県金沢市石引4丁目17−1","http://www.hondanomori-hall.com/","TRUE"
"349","17003","本多の森ホール","ホール","石川",NULL,"1707","石川県金沢市石引4丁目17−1","http://www.hondanomori-hall.com/","TRUE"
"350","17004","石川県産業展示館","アリーナ","石川",NULL,NULL,"石川県金沢市袋畠町南193番地","https://www.pref.ishikawa.lg.jp/tenjikan/","TRUE"
"351","17005","金沢Eight Hall","ライブハウス","石川","500",NULL,"石川県金沢市片町1丁目6−10 ブラザービル 2F","http://www.eighthall.com/","TRUE"
"352","17006","金沢AZ","ライブハウス","石川",NULL,"300","石川県金沢市鱗町107","http://www.kanazawa-az.com/index.html","TRUE"
"353","17007","こまつドーム","ドーム/スタジアム","石川",NULL,"10000","石川県小松市林町ほ5","https://www.homemate-research-soccer.com/dtl/00000000000000252719/","TRUE"
"354","17008","輪島市営野球場","ホール","石川",NULL,NULL,"石川県輪島市稲舟町93","https://www.city.wajima.ishikawa.jp/shougai/wajimasports/establish/wajima_baseballfield.html","TRUE"
"355","17009","能登空港建設予定地野外特設ステージ","特設ステージ","石川",NULL,NULL,"石川県輪島市三井町洲衛１０−１１−１",,"TRUE"
"356","17010","金沢フォーラス 6F KUUGOスクエア","イベントスペース","石川",NULL,NULL,"石川県金沢市堀川新町3-1","https://www.forus.co.jp/kanazawa","TRUE"
"357","18001","サンドーム福井","ホール","福井",NULL,"10000","福井県越前市瓜生町5−1−1","http://www.sankan.jp/sundome/","TRUE"
"358","18002","福井CHOP","ライブハウス","福井","200",NULL,"福井県福井市花堂東1丁目18−6","http://www.fukui-chop.com/NewFiles/main.html","TRUE"
"359","18003","福井県県民ホール","ホール","福井",NULL,"570","福井県福井市手寄1丁目4−1","https://kenminhall-fukui.jp/facility_info/","TRUE"
"360","18004","響のホール","ホール","福井",NULL,"224","福井県福井市中央1丁目4−13","http://www.hibikinohall.com/","FALSE"
"361","18004","福井響のホール","ホール","福井",NULL,"224","福井県福井市中央1丁目4−13","https://ja.wikipedia.org/wiki/%E7%A6%8F%E4%BA%95%E3%81%BE%E3%81%A1%E3%81%AA%E3%81%8B%E6%96%87%E5%8C%96%E6%96%BD%E8%A8%AD_%E9%9F%BF%E3%81%AE%E3%83%9B%E3%83%BC%E3%83%AB","FALSE"
"362","18005","フェニックス・プラザ 大ホール","ホール","福井",NULL,"2000","福井県福井市田原1丁目13−6","http://www2.fctv.ne.jp/~phoenix/hallgaiyou.html","TRUE"
"363","18005","福井フェニックスプラザ","ホール","福井",NULL,"2000","福井県福井市田原1丁目13−6","http://www2.fctv.ne.jp/~phoenix/","TRUE"
"364","19001","YCC県民文化ホール 大ホール","ホール","山梨",NULL,"1989","山梨県甲府市寿町26−1","https://www.yamanashi-kbh.jp/","TRUE"
"365","19001","山梨県立県民文化ホール 大ホール","ホール","山梨",NULL,"1989","山梨県甲府市寿町26−1","https://www.yamanashi-kbh.jp/","TRUE"
"366","19002","YCC県民文化ホール 小ホール","ホール","山梨",NULL,"700","山梨県甲府市寿町26−1","https://www.yamanashi-kbh.jp/","TRUE"
"367","19002","甲府KAZOO HALL","ライブハウス","山梨","300",NULL,"山梨県甲府市上小河原町1262","https://www.kazoohall.com/pc/","TRUE"
"368","19003","甲府CONVICTION","ライブハウス","山梨","350",NULL,"山梨県甲府市朝気2丁目4−13","http://kofuconviction.com/","TRUE"
"369","19004","大月市民会館","ホール","山梨",NULL,"757","山梨県大月市御太刀2丁目11−22","https://www.city.otsuki.yamanashi.jp/bunka/shisetsu/otsuki_shiminkaikan.html","TRUE"
"370","19005","都の杜うぐいすホール","ホール","山梨",NULL,"816","山梨県都留市上谷1888−1","https://uguisuhall.jp/","TRUE"
"371","19006","河口湖ステラシアター 野外大ホール","野外ステージ","山梨",NULL,"2991","山梨県南都留郡富士河口湖町船津5577","https://stellartheater.jp/halls/stellar/","TRUE"
"372","19007","韮崎市文化ホール 大ホール","ホール","山梨",NULL,"1000","山梨県韮崎市藤井町205","https://www.nirasaki-bunka.jp/","TRUE"
"373","19008","富士急ハイランドコニファーフォレスト","野外ステージ","山梨",NULL,"20000","山梨県富士吉田市新西原5丁目6−1","http://www.soundconifer229.com/","TRUE"
"374","19009","清里高原「ふれあい広場」特設会場","特設ステージ","山梨",NULL,NULL,"山梨県北杜市高根町清里3545",,"TRUE"
"375","19010","須玉ふれあい館ホール","ホール","山梨",NULL,"400","山梨県北杜市須玉町若神子521−17","https://www.city.hokuto.yamanashi.jp/life/maps/list/1947/","TRUE"
"376","20001","岡谷市文化会館カノラホール","ホール","長野",NULL,"1446","長野県岡谷市幸町8−1","https://canora.or.jp/","TRUE"
"377","20002","まつもと市民芸術館","ホール","長野",NULL,"1800","長野県松本市深志3丁目10−1","https://www.mpac.jp/guide/grand-hall/","TRUE"
"378","20003","キッセイ文化ホール 大ホール","ホール","長野",NULL,"2000","長野県松本市水汲69−2","https://www.matsubun.jp/","TRUE"
"379","20003","長野県松本文化会館","ホール","長野",NULL,"2000","長野県松本市水汲69−2","https://www.matsubun.jp/","TRUE"
"380","20004","下諏訪総合文化センターやまびこホール","ホール","長野",NULL,"700","長野県諏訪郡下諏訪町西鷹野町4611−40","http://www.town.shimosuwa.lg.jp/www/genre/1000100000053/index.html","TRUE"
"381","20005","須坂市文化会館","ホール","長野",NULL,"1124","長野県須坂市墨坂南4丁目5−1","https://www.culture-suzaka.or.jp/mesena/","TRUE"
"382","20006","ホクト文化ホール 大ホール","ホール","長野",NULL,"2173","長野県長野市若里1丁目1−3","https://www.naganokenbun.jp/","TRUE"
"383","20006","長野県県民文化会館","ホール","長野",NULL,"2173","長野県長野市若里1丁目1−3","https://www.naganokenbun.jp/","TRUE"
"384","20007","長野ビッグハット","アリーナ","長野",NULL,"8000","長野県長野市若里3丁目22−2","https://www.nagano-mwave.co.jp/bighat/","TRUE"
"385","20008","長野市民会館","ホール","長野",NULL,"1816","長野県長野市鶴賀緑町1647","https://ja.wikipedia.org/wiki/%E9%95%B7%E9%87%8E%E5%B8%82%E6%B0%91%E4%BC%9A%E9%A4%A8","FALSE"
"386","20009","長野CLUB JUNK BOX","ライブハウス","長野","400",NULL,"長野県長野市南千歳1丁目16−1−6 BMB4F","http://www.junkbox.co.jp/nagano/information.html","TRUE"
"387","20010","長野ライブハウスJ","ライブハウス","長野","250",NULL,"長野県長野市南千歳町826","http://livehousej.com/","TRUE"
"388","20011","長野エムウェーブ","アリーナ","長野",NULL,"20000","長野県長野市北長池195","https://www.nagano-mwave.co.jp/m_wave/","TRUE"
"389","20012","白馬村 ウイング21","ホール","長野",NULL,"500","長野県北安曇郡白馬村北城2066","https://www.culture.nagano.jp/facilities/5730/","TRUE"
"390","21001","岐阜club-G","ライブハウス","岐阜","600",NULL,"岐阜県岐阜市日ノ出町1丁目17","https://club-g.jp/","TRUE"
"391","21002","岐阜市民会館","ホール","岐阜",NULL,"1501","岐阜県岐阜市美江寺町2丁目6","https://gifu-civic.info/facilitys","TRUE"
"392","21003","高山市民文化会館 大ホール","ホール","岐阜",NULL,"1280","岐阜県高山市昭和町１丁目１８８−１","http://www.takayama-bunka.org/newpage/kaikan/","TRUE"
"393","21004","岐阜大垣ソフトピアジャパン","ホール","岐阜",NULL,NULL,"岐阜県大垣市加賀野４丁目１−７","https://www.softopia.info/","TRUE"
"394","21005","東美濃ふれあいセンター","アリーナ","岐阜",NULL,"4080","岐阜県中津川市茄子川１６８３−７９７","https://www.city.nakatsugawa.lg.jp/soshikikarasagasu/shogaigakushusportska/4/higashimino/2462.html","TRUE"
"395","21006","長良川国際会議場 メインホール","ホール","岐阜",NULL,"1929","岐阜市長良福光2695-2","https://www.g-ncc.jp/facilities/main-hall/","TRUE"
"396","21007","花フェスタ記念公園野球場特設会場","特設ステージ","岐阜",NULL,NULL,"静岡県静岡市駿河区曲金３丁目１−１０","http://www.t-messe.or.jp/","TRUE"
"397","21008","マーサ21 南館1F マーサスクエア","イベントスペース","岐阜",NULL,NULL,"岐阜県岐阜市正木中１丁目２−１","https://www.masa21.co.jp/service/facility.html","TRUE"
"398","22001","長岡総合会館アクシスかつらぎ大ホール","ホール","静岡",NULL,"998","静岡県伊豆の国市古奈255","https://www.city.izunokuni.shizuoka.jp/bunka/manabi/shisetsu/axis/","TRUE"
"399","22002","韮山時代劇場 大ホール","ホール","静岡",NULL,"509","静岡県伊豆の国市四日町772","https://www.city.izunokuni.shizuoka.jp/bunka/manabi/shisetsu/jidaigekijo/index.html","TRUE"
"400","22003","修善寺総合会館","ホール","静岡",NULL,"1164","静岡県伊豆市修善寺８３８−１","http://kanko.city.izu.shizuoka.jp/form1.html?c1=7&c2=1&pid=3278","TRUE"
"401","22004","御殿場市民会館","ホール","静岡",NULL,"1147","静岡県御殿場市萩原１８３−１","http://gotemba-shiminkaikan.jp/","TRUE"
"402","22005","焼津市文化センター","ホール","静岡",NULL,"1300","静岡県焼津市三ケ名１５５０","http://www.yaizu-kosya.jp/yaizubunka/","TRUE"
"403","22006","LIVE ROXY SHIZUOKA","ライブハウス","静岡","600",NULL,"静岡県静岡市葵区黒金町28−1−2","https://live-roxy.com/","TRUE"
"404","22007","静岡市民文化会館 大ホール","ホール","静岡",NULL,"1968","静岡県静岡市葵区駿府町2−90","https://www.scch.shizuoka-city.or.jp/","TRUE"
"405","22008","Sunash","ライブハウス","静岡","230",NULL,"静岡県静岡市駿河区稲川1丁目1−32","http://sunash.info/","TRUE"
"406","22009","静岡市清水文化会館マリナート 大ホール","ホール","静岡",NULL,"1513","静岡県静岡市清水区島崎町214","https://www.marinart.jp/","TRUE"
"407","22010","静岡 SOUND SHOWER ark","ライブハウス","静岡","600",NULL,"静岡県静岡市清水区入船町10−20 エスパルスドリームプラザ","https://webcache.googleusercontent.com/search?q=cache:OqiZ7D-cqUIJ:https://ark-soundshower.jp/+&cd=1&hl=ja&ct=clnk&gl=jp","TRUE"
"408","22011","島田市民会館","ホール","静岡",NULL,"1467","静岡県島田市中央町1-2","https://www.at-s.com/facilities/article/music/theater/135229.html#:~:text=1467%E5%B8%AD%E3%81%AE%E3%83%9B%E3%83%BC%E3%83%AB%E3%81%A7,%E3%81%AB%E3%82%82%E3%81%94%E5%88%A9%E7%94%A8%E3%81%84%E3%81%9F%E3%81%A0%E3%81%91%E3%81%BE%E3%81%99%E3%80%82","FALSE"
"409","22012","浜松space-K","ライブハウス","静岡","300","200","静岡県浜松市中区常盤町133－24","https://www.k-mix.co.jp/space-k","TRUE"
"410","22013","浜松窓枠","ライブハウス","静岡","450",NULL,"静岡県浜松市中区板屋町100−10 窓枠ビル","https://madowaku.com/","TRUE"
"411","22014","アクトシティ浜松 大ホール","ホール","静岡",NULL,"2336","静岡県浜松市中区板屋町111−1","https://www.actcity.jp/visitor/main/#:~:text=%E6%97%A5%E6%9C%AC%E5%88%9D%E3%81%AE%E5%9B%9B%E9%9D%A2%E8%88%9E%E5%8F%B0,%E3%82%92%E8%AA%87%E3%82%8B%E5%A4%9A%E6%A9%9F%E8%83%BD%E3%83%9B%E3%83%BC%E3%83%AB%E3%80%82","TRUE"
"412","22015","富士市文化会館ロゼシアター 大ホール","ホール","静岡",NULL,"1632","静岡県富士市蓼原町1750","http://rose-theatre.jp/","TRUE"
"413","22016","ツインメッセ静岡","アリーナ","静岡",NULL,"12","静岡県静岡市駿河区曲金３丁目１−１０","http://www.t-messe.or.jp/","TRUE"
"414","22017","つま恋多目的広場","特設ステージ","静岡",NULL,NULL,"静岡県掛川市満水２０００","https://www.sainosato.jp/play/groundprice.html","TRUE"
"415","22018","駿府城公園 ","特設ステージ","静岡",NULL,NULL,"静岡市葵区駿府城公園1-1","https://sumpu-castlepark.com/","TRUE"
"416","22019","静岡市民文化会館 中ホール","ホール","静岡",NULL,"1170","静岡県静岡市葵区駿府町2−90","https://www.scch.shizuoka-city.or.jp/","TRUE"
"417","22019","静岡市民文化会館 中ホール","ホール","静岡",NULL,"1170","静岡県静岡市葵区駿府町2−90","https://www.scch.shizuoka-city.or.jp/","TRUE"
"418","22020","イオンモール浜松市野 1Fシンフォニーコート","イベントスペース","静岡",NULL,NULL,"静岡県東区天王町字諏訪１９８１−３","https://www.aeon.jp/sc/hamamatsuichino/info/info_saiji/","TRUE"
"419","22021","三井ショッピングパーク ららぽーと磐田 屋外イベント広場","イベントスペース","静岡",NULL,NULL,"静岡県磐田市高見丘１２００","https://www.mf-shogyo.co.jp/eventspace/facility/lpit/0001","TRUE"
"420","23001","一宮市民会館","ホール","愛知",NULL,"1588","愛知県一宮市朝日2丁目5−1","https://ichinomiya-hall.jp/ichinomiya/facility/index.html","TRUE"
"421","23002","蒲郡市民会館","ホール","愛知",NULL,"1598","愛知県蒲郡市栄町3−30","https://www.city.gamagori.lg.jp/site/shiminkaikan/daihall.html","TRUE"
"422","23003","刈谷市総合文化センター 大ホール","ホール","愛知",NULL,"1541","愛知県刈谷市若松町2丁目104","https://kariya.hall-info.jp/info/main-hall/","TRUE"
"423","23004","瀬戸市文化センター","ホール","愛知",NULL,"1500","愛知県瀬戸市西茨町113−3","http://seto-cul.jp/culture-center/","TRUE"
"424","23005","美浜町総合公園グラウンド内特設会場","特設ステージ","愛知",NULL,NULL,"愛知県知多郡美浜町北方十二谷1-2",,"TRUE"
"425","23006","東海市芸術劇場 大ホール","ホール","愛知",NULL,"1025","愛知県東海市大田町下浜田137","https://www.tokai-arts.jp/facility/largehall/","TRUE"
"426","23007","愛知県芸術劇場 大ホール","ホール","愛知",NULL,"2480","愛知県東区東桜1丁目13−2","https://www-stage.aac.pref.aichi.jp/facility/main.html","TRUE"
"427","23008","愛知尾張旭市文化会館","ホール","愛知",NULL,"906","愛知県尾張旭市東大道町2410−11","https://www.owariasahi-bunkakaikan.jp/","TRUE"
"428","23009","豊橋ell.KNOT","ライブハウス","愛知","200",NULL,"愛知県豊橋市駅前大通1丁目7−1 大木家ビル","https://club-knot.com/","FALSE"
"429","23009","豊橋club KNOT","ライブハウス","愛知","200",NULL,"愛知県豊橋市駅前大通1丁目7−1 大木家ビル","https://club-knot.com/","TRUE"
"430","23010","アイプラザ豊橋 講堂","ホール","愛知",NULL,"1469","愛知県豊橋市草間町東山143−6","https://www.aiplaza-toyohashi.jp/","TRUE"
"431","23011","豊田市民文化会館 大ホール","ホール","愛知",NULL,"1708","愛知県豊田市小坂町12丁目10","http://www.cul-toyota.or.jp/sisetuda/simin_bunka1-2-2.html","TRUE"
"432","23012","豊田スタジアム","ドーム/スタジアム","愛知",NULL,"44380","愛知県豊田市千石町7丁目2","https://www.toyota-stadium.co.jp/facility03/","TRUE"
"433","23013","名古屋市公会堂 大ホール","ホール","愛知",NULL,"1552","愛知県名古屋市昭和区鶴舞1丁目1−3","https://nagoyashi-kokaido.hall-info.jp/about/big_hall.html","TRUE"
"434","23014","愛知県勤労会館 講堂","ホール","愛知",NULL,"1488","愛知県名古屋市昭和区鶴舞一丁目2番32号","https://ja.wikipedia.org/wiki/%E6%84%9B%E7%9F%A5%E7%9C%8C%E5%8B%A4%E5%8A%B4%E4%BC%9A%E9%A4%A8","FALSE"
"435","23015","今池ガスホール","ホール","愛知",NULL,"356","愛知県名古屋市千種区今池1-8-8 今池ガスビル9F","https://www.gasbldg.net/hall/imaike/imaike_hall.html","TRUE"
"436","23016","名古屋ボトムライン","ライブハウス","愛知","750","150","愛知県名古屋市千種区今池4丁目7−11 メトロビル","https://www.bottomline.co.jp/","TRUE"
"437","23017","愛知厚生年金会館","ホール","愛知",NULL,"1666","愛知県名古屋市千種区池下町2丁目63","https://ja.wikipedia.org/wiki/%E6%84%9B%E7%9F%A5%E5%8E%9A%E7%94%9F%E5%B9%B4%E9%87%91%E4%BC%9A%E9%A4%A8","FALSE"
"438","23018","伏見JAMMIN'","ライブハウス","愛知","350",NULL,"愛知県名古屋市中区栄2丁目7−1 東洋パーキング1F","https://www.nagoya-jammin.com/","FALSE"
"439","23019","名古屋OZON","ライブハウス","愛知","600",NULL,"愛知県名古屋市中区栄3-32-6 BECOME SAKAE5F","https://www.instagram.com/club_ozon/?hl=ja","FALSE"
"440","23020","名古屋ReNY limited","ライブハウス","愛知","780",NULL,"愛知県名古屋市中区栄3丁目15−20 エンゼルビル","https://ruido.org/nagoya_reny/","TRUE"
"441","23021","名古屋CLUB QUATTRO","ライブハウス","愛知","550",NULL,"愛知県名古屋市中区栄3丁目29−1 名古屋 PARCO 東館 8・9F","https://www.club-quattro.com/nagoya/","TRUE"
"442","23022","御園座","ホール","愛知",NULL,"1299","愛知県名古屋市中区栄一丁目6番14号","https://www.misonoza.co.jp/seat/","TRUE"
"443","23023","東別院ホール","ホール","愛知",NULL,"450","愛知県名古屋市中区橘2丁目8−45","https://www.ohigashi.net/annai/","TRUE"
"444","23024","中京大学文化市民会館 オーロラホール","ホール","愛知",NULL,"2291","愛知県名古屋市中区金山1丁目5−1","https://ja.wikipedia.org/wiki/%E5%90%8D%E5%8F%A4%E5%B1%8B%E5%B8%82%E6%B0%91%E4%BC%9A%E9%A4%A8","TRUE"
"445","23024","日本特殊陶業市民会館 フォレストホール","ホール","愛知",NULL,"2291","愛知県名古屋市中区金山1丁目5−1","https://nagoya-shimin.hall-info.jp/kaikan/facility/forest_hall.html","TRUE"
"446","23024","名古屋市民会館 大ホール","ホール","愛知",NULL,"2291","愛知県名古屋市中区金山1丁目5−1","https://ja.wikipedia.org/wiki/%E5%90%8D%E5%8F%A4%E5%B1%8B%E5%B8%82%E6%B0%91%E4%BC%9A%E9%A4%A8","TRUE"
"447","23025","日本特殊陶業市民会館 ビレッジホール","ホール","愛知",NULL,"1146","愛知県名古屋市中区金山1丁目5−1","https://nagoya-shimin.hall-info.jp/kaikan/facility/forest_hall.html","TRUE"
"448","23026","ダイアモンドホール","ライブハウス","愛知","1000",NULL,"愛知県名古屋市中区新栄2丁目1","https://www.diamond.sflag.co.jp/","TRUE"
"449","23027","SPADE BOX","ライブハウス","愛知","400","150","愛知県名古屋市中区新栄2丁目1−9 1階 雲竜フレックスビル 西館 地下","https://www.heartlandstudio.co.jp/","TRUE"
"450","23028","Electric Lady Land","ライブハウス","愛知","500",NULL,"愛知県名古屋市中区大須2-10-43","https://www.ell.co.jp/","TRUE"
"451","23029","ell.FITS ALL","ライブハウス","愛知","250","100","愛知県名古屋市中区大須2-10-43","https://www.ell.co.jp/liveinfo/fitsallliveschedule-new/","TRUE"
"452","23030","Zepp Nagoya","ライブハウス","愛知","1864","741","愛知県名古屋市中村区平池町4丁目60−7","https://www.zepp.co.jp/hall/nagoya/","TRUE"
"453","23031","名鉄ホール","ホール","愛知",NULL,"926","愛知県名古屋市中村区名駅1丁目2−番1号 名鉄百貨店本店本館10階","https://ja.wikipedia.org/wiki/%E5%90%8D%E9%89%84%E3%83%9B%E3%83%BC%E3%83%AB","FALSE"
"454","23032","ミッドランドスクエア シネマ2","その他","愛知",NULL,"298","愛知県名古屋市中村区名駅4丁目11−27 シンフォニー豊田ビル","https://ticket.online-midland-sq-cinema.jp/schedule/ticket/0201/index.html","TRUE"
"455","23033","名古屋市芸術創造センター","ホール","愛知",NULL,"646","愛知県名古屋市東区葵1丁目3−27","https://www.bunka758.or.jp/facility/geijutsusouzou/","TRUE"
"456","23034","名古屋市総合体育館 レインボーホール","アリーナ","愛知",NULL,"10000","愛知県名古屋市南区東又兵ヱ町5丁目1−16","https://www.nespa.or.jp/hall/shisetsu/index.html","TRUE"
"457","23035","名古屋国際会議場 センチュリーホール","ホール","愛知",NULL,"3000","愛知県名古屋市熱田区熱田西町1−1","https://www.nagoya-congress-center.jp/facility/century_hall/","TRUE"
"458","23036","久屋広場特設ステージ","特設ステージ","愛知",NULL,NULL,"愛知県名古屋市中区栄３丁目65",,"TRUE"
"459","23037","東建ホール・丸の内","ホール","愛知",NULL,"428","愛知県名古屋市中区丸の内２丁目１−３３ 東建本社丸の内ビル3・4F","https://www.token-hall.com/","TRUE"
"460","23038","エアポートウォーク名古屋 3F イベントステージ","イベントスペース","愛知",NULL,NULL,"愛知県西春日井郡豊山町豊場林先1-8","http://airportwalk.com/index.html","TRUE"
"461","23039","イオンモール名古屋みなと店 1F ワールドコート","イベントスペース","愛知",NULL,NULL,"愛知県名古屋市港区品川町2丁目1-6","https://www.eventernote.com/places/3180","FALSE"
"462","23040","タワーレコード名古屋近鉄パッセ店 屋上イベントスペース","イベントスペース","愛知",NULL,NULL,"愛知県名古屋市中村区名駅１丁目２−２ 近鉄パッセ 9F","https://tower.jp/store/chubu_hokuriku_shinetsu/NagoyaKintetsuPasse","TRUE"
"463","23041","イオンモール常滑 ワンダーフォレストきゅりお内 ワンダーステージ","イベントスペース","愛知",NULL,NULL,"愛知県常滑市りんくう町２丁目２０−３","https://tokoname-aeonmall.com/special/lists/wonderforest","TRUE"
"464","23042","イオンモール木曽川 1F ノースコート","イベントスペース","愛知",NULL,NULL,"愛知県一宮市木曽川町黒田 字南ハツケ池25-1","https://kisogawa-aeonmall.com/static/detail/eventspace","TRUE"
"465","23043","プライムツリー赤池 1F プライムホール","イベントスペース","愛知",NULL,NULL,"愛知県日進市赤池町箕ノ手１","https://space.ario.jp/space/759/","TRUE"
"466","24001","上野市文化会館","ホール","三重",NULL,"1181","三重県伊賀市西明寺3240番地の2","https://www.city.iga.lg.jp/0000002366.html#:~:text=%E4%BC%8A%E8%B3%80%E5%B8%82%E8%A5%BF%E6%98%8E%E5%AF%BA%E3%81%AB%E3%81%82%E3%82%8B,%E5%B8%AD%E3%81%AE%E5%AE%A2%E5%B8%AD%E3%81%8C%E3%81%82%E3%82%8A%E3%81%BE%E3%81%99%E3%80%82","TRUE"
"467","24002","シンフォニアテクノロジー響ホール伊勢 大ホール","ホール","三重",NULL,"1206","三重県伊勢市岩渕１丁目１３−１５","https://www.ise-kanbun.jp/","TRUE"
"468","24003","三重県営サンアリーナ","アリーナ","三重",NULL,"11000","三重県伊勢市朝熊町字鴨谷4383−4","http://sun-arena.or.jp/","TRUE"
"469","24004","NTNシティホール 大ホール","ホール","三重",NULL,"1388","三重県桑名市中央町3丁目20","https://www.city.kuwana.lg.jp/bunka/bunkashisetsu/ntncityhall/index.html","TRUE"
"470","24005","桑名市民会館","ホール","三重",NULL,"1388","三重県桑名市中央町３丁目２０","https://www.city.kuwana.lg.jp/bunka/bunkashisetsu/ntncityhall/index.html","TRUE"
"471","24006","四日市市文化会館","ホール","三重",NULL,"1786","三重県四日市市安島2丁目5-3","https://yonbun.com/institution","TRUE"
"472","24007","合歓の郷野外特設ステージ","特設ステージ","三重",NULL,NULL,"三重県志摩市浜島町迫子２６９２−３",,"TRUE"
"473","24008","松阪M'AXA","ライブハウス","三重","230",NULL,"三重県松阪市市場庄町1148−2","https://www.maxa.jp/","TRUE"
"474","24009","三重県文化会館 大ホール","ホール","三重",NULL,"1903","三重県津市一身田上津部田1234","https://www.center-mie.or.jp/guide/bunka/detail/hall01.html","TRUE"
"475","25001","守山市民ホール","ホール","滋賀",NULL,"1300","滋賀県守山市三宅町 125番地","http://moriyamabuntai.com/wp/","TRUE"
"476","25002","滋賀U☆STONE","ライブハウス","滋賀","400",NULL,"滋賀県大津市粟津町11−12 ユーストンビル 2F","http://www.ustone.space/","TRUE"
"477","25003","滋賀県立芸術劇場 びわ湖ホール 大ホール","ホール","滋賀",NULL,"1848","滋賀県大津市打出浜15−1","https://www.biwako-hall.or.jp/","TRUE"
"478","25004","野洲文化ホール","ホール","滋賀",NULL,"1015","滋賀県野洲市小篠原２１４２","http://bunka-hall.yasu-bs.jp/c15767.html","TRUE"
"479","26001","KYOTO MUSE","ライブハウス","京都","350",NULL,"京都府京都市下京区立売中之町102−3","http://muse-live.com/kyoto/","TRUE"
"480","26002","ロームシアター京都 メインホール","ホール","京都",NULL,"2005","京都府京都市左京区岡崎最勝寺町13","https://rohmtheatrekyoto.jp/floorguide/main-hall/","TRUE"
"481","26002","京都会館第一ホール","ホール","京都",NULL,"2005","京都府京都市左京区岡崎最勝寺町13","https://rohmtheatrekyoto.jp/floorguide/main-hall/","TRUE"
"482","26003","京都FANJ","ライブハウス","京都","600","200","京都府京都市左京区上高野車地町101 備前屋ビル B1F","http://kyoto-fanj.com/","TRUE"
"483","26004","新風館 中庭Re-Cueホール","イベントスペース","京都",NULL,NULL,"京都府京都市中京区場之町５８６−２","https://shinpuhkan.jp/","TRUE"
"484","26005","イオンモールKYOTO Sakura館 4F KOTOホール","イベントスペース","京都",NULL,NULL,"京都府京都市南区西九条鳥居口町１−番地 Sakura館","https://kyoto-aeonmall.com/static/detail/eventspace","TRUE"
"485","27001","岸和田市立浪切ホール 大ホール","ホール","大阪",NULL,"1558","大阪府岸和田市港緑町1−1","https://namikiri.jp/","TRUE"
"486","27002","ESAKA MUSE","ライブハウス","大阪","450",NULL,"大阪府吹田市豊津町10−15 モアイビル 5F","http://muse-live.com/esaka/","TRUE"
"487","27003","泉の森ホール","ホール","大阪",NULL,"1376","大阪府泉佐野市市場東1丁目2−番1号","https://www.cf-izumisano.or.jp/izuminomori/","TRUE"
"488","27004","Zepp Osaka Bayside","ライブハウス","大阪","2801",NULL,"大阪府大阪市此花区桜島1丁目1−61","https://www.zepp.co.jp/hall/osakabayside/","TRUE"
"489","27005","GRAFFY HALL","ライブハウス","大阪","300",NULL,"大阪府大阪市住之江区新北島1丁目2−1 オスカードリーム3階","https://graffy-hall.business.site/","TRUE"
"490","27006","南港WTCオープンエアスタジアム","野外ステージ","大阪",NULL,NULL,"大阪府大阪市住之江区南港北","https://ja.wikipedia.org/wiki/WTC%E3%82%AA%E3%83%BC%E3%83%97%E3%83%B3%E3%82%A8%E3%82%A2%E3%82%B9%E3%82%BF%E3%82%B8%E3%82%A2%E3%83%A0","FALSE"
"491","27007","Zepp Osaka","ライブハウス","大阪","2180",NULL,"大阪府大阪市住之江区南港北1-18-31","https://ja.wikipedia.org/wiki/Zepp#%E6%96%BD%E8%A8%AD%E4%B8%80%E8%A6%A7","FALSE"
"492","27008","大阪厚生年金会館 大ホール","ホール","大阪",NULL,"2400","大阪府大阪市西区新町1丁目14−15","https://ja.wikipedia.org/wiki/%E3%82%AA%E3%83%AA%E3%83%83%E3%82%AF%E3%82%B9%E5%8A%87%E5%A0%B4","FALSE"
"493","27008","オリックス劇場","ホール","大阪",NULL,"2400","大阪府大阪市西区新町1丁目14−15","https://www.orixtheater.jp/","TRUE"
"494","27009","大阪厚生年金会館 芸術ホール","ホール","大阪",NULL,"1100","大阪府大阪市西区新町1丁目14−15","https://ja.wikipedia.org/wiki/%E3%82%AA%E3%83%AA%E3%83%83%E3%82%AF%E3%82%B9%E5%8A%87%E5%A0%B4","FALSE"
"495","27010","御堂会館 大ホール","ホール","大阪",NULL,"906","大阪府大阪市中央区久太郎町4丁目1−15 北側2F・3F・4F 南御堂ビルディング","https://www.livefans.jp/venues/4310","FALSE"
"496","27011","松下IMPホール","ホール","大阪",NULL,"857","大阪府大阪市中央区城見1丁目3−7","https://www.kanden-kaijyou.jp/event_hole/imp/","TRUE"
"497","27012","大阪 イオン化粧品 シアターBRAVA!","ホール","大阪",NULL,"1136","大阪府大阪市中央区城見1丁目3番2号","https://ja.wikipedia.org/wiki/%E3%82%B7%E3%82%A2%E3%82%BF%E3%83%BCBRAVA!","FALSE"
"498","27013","OSAKA MUSE","ライブハウス","大阪","350",NULL,"大阪府大阪市中央区心斎橋筋1丁目5−6 ミューズ389ビル","http://osaka.muse-live.com/","TRUE"
"499","27014","森ノ宮ピロティホール","ホール","大阪",NULL,"1030","大阪府大阪市中央区森ノ宮中央1丁目17−5","https://piloti-hall.jp/","TRUE"
"500","27015","BIG CAT","ライブハウス","大阪","850",NULL,"大阪府大阪市中央区西心斎橋1丁目6−14 BIGSTEP 4F","https://bigcat-live.com/","TRUE"
"501","27016","アメリカ村FANJ twice","ライブハウス","大阪","350",NULL,"大阪府大阪市中央区西心斎橋2丁目18−10 ホテル ライオンズ ロックビル","http://www.fanj-twice.com/","TRUE"
"502","27017","大阪城ホール","アリーナ","大阪",NULL,"16000","大阪府大阪市中央区大阪城3−1","https://www.osaka-johall.com/seat/","TRUE"
"503","27018","NHK大阪ホール","ホール","大阪",NULL,"1417","大阪府大阪市中央区大手前4丁目1−20","http://www.nhk-osakahall.jp/index.html","TRUE"
"504","27019","YES THEATER","ホール","大阪",NULL,"324","大阪府大阪市中央区難波千日前11−6 なんばグランド花月ビル","https://yes-theater.com/","TRUE"
"505","27020","エル・シアター","ホール","大阪",NULL,"801","大阪府大阪市中央区北浜東3−14","https://www.l-osaka.or.jp/theater/","TRUE"
"506","27021","新歌舞伎座","ホール","大阪",NULL,"1638","大阪府大阪市天王寺区上本町6丁目5番13号","https://www.shinkabukiza.co.jp/","TRUE"
"507","27022","梅田CLUB QUATTRO","ライブハウス","大阪","700",NULL,"大阪府大阪市北区太融寺町8−17","https://www.club-quattro.com/umeda/","TRUE"
"508","27023","梅田芸術劇場","ホール","大阪",NULL,"1905","大阪府大阪市北区茶屋町19-1","https://www.umegei.com/","TRUE"
"509","27024","フェスティバルホール","ホール","大阪",NULL,"2700","大阪府大阪市北区中之島2丁目3−18","https://www.festivalhall.jp/about_zaseki.html","TRUE"
"510","27025","大阪国際会議場メインホール","アリーナ","大阪",NULL,"2754","大阪府大阪市北区中之島5丁目3−51","https://www.gco.co.jp/","TRUE"
"511","27026","umeda AKASO","ライブハウス","大阪","700",NULL,"大阪府大阪市北区堂山町16−3","https://umeda-trad.com/","TRUE"
"512","27027","大阪サンケイホールブリーゼ","ホール","大阪",NULL,"912","大阪府大阪市北区梅田2丁目4−9 ブリーゼタワー7F","https://www.sankeihallbreeze.com/","TRUE"
"513","27028","ON AIR OSAKA","ホール","大阪","1000",NULL,"大阪府大阪市北区梅田2丁目6-20 スノークリスタルビルB1F","https://www.eventernote.com/places/678","FALSE"
"514","27029","メルパルクホール大阪","ホール","大阪",NULL,"1010","大阪府大阪市淀川区宮原4-2-1","https://www.mielparque.jp/osaka/hall/seat/","TRUE"
"515","27030","Zepp Namba","ライブハウス","大阪","2513","1206","大阪府大阪市浪速区敷津東2丁目1−39","https://www.zepp.co.jp/hall/namba/","TRUE"
"516","27031","なんばHatch","ライブハウス","大阪","1347",NULL,"大阪府大阪市浪速区湊町1丁目3−1","http://www.namba-hatch.com/index.php","TRUE"
"517","27032","豊中市立市民会館 大ホール","ホール","大阪",NULL,"1344","大阪府豊中市曽根東町3-7-2","http://www.toyonaka-hall.jp/use/big_hall/","TRUE"
"518","27033","あべのキューズモール 3F スカイコート","イベントスペース","大阪",NULL,NULL,"大阪府大阪市阿倍野区阿倍野筋１丁目６−１ あべのキューズモール3F","https://qs-mall.jp/abeno/floormap/?floor=301&museum=101&jump=smt","TRUE"
"519","27034","京セラドーム大阪","ドーム/スタジアム","大阪",NULL,NULL,"大阪府大阪市西区千代崎３丁目中２−１","https://www.kyoceradome-osaka.jp/","TRUE"
"520","27035","LABI1 なんば","イベントスペース","大阪",NULL,NULL,"大阪府大阪市浪速区難波中２丁目１１−３５","http://www.yamadalabi.com/labi1/","TRUE"
"521","27036","アニメイト大阪日本橋 5Fイベントホール","ホール","大阪",NULL,NULL,"大阪府大阪市浪速区日本橋４丁目１５−１７","https://www.animate.co.jp/shop/o-n-square/","TRUE"
"522","27037","なんばOCAT B1F ポンテ広場ウィングステージ","イベントスペース","大阪",NULL,NULL,"大阪府大阪市浪速区湊町１丁目４−１ ＯＣＡＴ B1F","https://ocat.co.jp/floor/b1/","TRUE"
"523","27038","千里セルシー 1F セルシー広場","イベントスペース","大阪",NULL,NULL,"大阪府豊中市新千里東町1丁目5-2","https://ja.wikipedia.org/wiki/%E5%8D%83%E9%87%8C%E3%82%BB%E3%83%AB%E3%82%B7%E3%83%BC","FALSE"
"524","27039","イオンモール鶴見緑地 3F サンシャインコート","イベントスペース","大阪",NULL,NULL,"大阪府大阪市鶴見区鶴見４丁目１７−１","https://tsurumiryokuchi-aeonmall.com/static/detail/eventspace","TRUE"
"525","27040","くずはモール 南館ヒカリノモール 1F SANZEN-HIROBA","イベントスペース","大阪",NULL,NULL,"大阪府枚方市楠葉花園町１５−１ くずはモール 南館","https://kuzuha-mall.com/shopguide/detail/?id=42","TRUE"
"526","28001","稲見町文化会館","ホール","兵庫",NULL,"703","兵庫県加古郡稲美町国安1286−1","https://www.town.hyogo-inami.lg.jp/0000004135.html","TRUE"
"527","28002","三木市文化会館","ホール","兵庫",NULL,"1288","兵庫県三木市福井1937","https://www.miki-bunka.or.jp/","TRUE"
"528","28003","神戸チキンジョージ","ライブハウス","兵庫","450",NULL,"兵庫県神戸市中央区下山手通2丁目17−2","http://www.chicken-george.co.jp/","TRUE"
"529","28004","神戸VARIT.","ライブハウス","兵庫","350",NULL,"兵庫県神戸市中央区下山手通り2-13-3建創ビルB1F","http://varit.jp/","TRUE"
"530","28005","神戸国際会館 こくさいホール","ホール","兵庫",NULL,"2112","兵庫県神戸市中央区御幸通8丁目1−6","https://www.kih.co.jp/kokusaihall/","TRUE"
"531","28006","神戸ポートピアホール","ホール","兵庫",NULL,"1702","兵庫県神戸市中央区港島中町6丁目10−1","https://www.portopia.co.jp/convention/venues/piahall/","TRUE"
"532","28007","Kobe SLOPE","ライブハウス","兵庫","530",NULL,"兵庫県神戸市中央区山本通2-4-27ネザーランズセンターB1","https://super-nice.net/%E5%85%B5%E5%BA%AB%E7%9C%8C/1484/","FALSE"
"533","28008","赤穂市文化会館ハーモニーホール","ホール","兵庫",NULL,"1168","兵庫県赤穂市中広864","https://www.ako-harmony.jp/","TRUE"
"534","28009","しづかホール（津名郡津名町）","ホール","兵庫",NULL,"802","兵庫県淡路市志筑新島5−4","http://shizukahall.com/","TRUE"
"535","28010","神戸文化ホール 中ホール","ホール","兵庫",NULL,"904","兵庫県尼崎市昭和通2丁目7-16","https://www.kobe-bunka.jp/hall/about_hall/577/","TRUE"
"536","28011","尼崎市総合文化センター あましんアルカイックホール･オクト","ホール","兵庫",NULL,"804","兵庫県尼崎市昭和通2丁目7−16","https://www.archaic.or.jp/center/oct/","TRUE"
"537","28012","姫路市文化センター","ホール","兵庫",NULL,"1657","兵庫県姫路市西延末426−1","https://ja.wikipedia.org/wiki/%E5%A7%AB%E8%B7%AF%E5%B8%82%E6%96%87%E5%8C%96%E3%82%BB%E3%83%B3%E3%82%BF%E3%83%BC","FALSE"
"538","28013","姫路セントラルパーク野外特設ステージ","特設ステージ","兵庫",NULL,NULL,"兵庫県姫路市豊富町神谷１４３４","https://www.central-park.co.jp/","TRUE"
"539","28014","赤穂海浜公園内青空広場野外特設ステージ","特設ステージ","兵庫",NULL,NULL,"兵庫県赤穂市御崎１８５７−５","https://www.hyogo-park.or.jp/akokaihin/contents/sisetsu/area_ennai.html","TRUE"
"540","28015","神戸ポートアイランドII期芝生エリア内“メガKobe”","特設ステージ","兵庫",NULL,NULL,"兵庫県神戸市中央区港島中町",,"TRUE"
"541","28016","姫路城三の丸広場特設ステージ","特設ステージ","兵庫",NULL,NULL,"兵庫県姫路市本町６８",,"TRUE"
"542","28017","神戸ハーバーランド スペースシアター","イベントスペース","兵庫",NULL,NULL,"兵庫県神戸市中央区東川崎町１丁目３−３","https://kobeharborland.com/spacetheater/overview/","TRUE"
"543","28018","阪急西宮ガーデンズ 4F スカイガーデン","イベントスペース","兵庫",NULL,NULL,"兵庫県西宮市高松町１４−２","https://nishinomiya-gardens.com/floor/4","TRUE"
"544","29001","榛原町総合体育館","アリーナ","奈良",NULL,NULL,"奈良県宇陀郡榛原町萩原1057","https://www.city.uda.nara.jp/sougo-taiikukan/kyouiku/leisure/sport/sougou-arena.html","TRUE"
"545","29002","大和高田市文化会館","アリーナ","奈良",NULL,"1040","奈良県大和高田市本郷町６−３６","https://www.city.yamatotakada.nara.jp/sazankahall/index.html","TRUE"
"546","29003","なら100年会館 大ホール","ホール","奈良",NULL,"1476","奈良県奈良市三条宮前町7−1","http://www.nara100.com/","TRUE"
"547","29004","奈良NEVER LAND","ライブハウス","奈良",NULL,"250","奈良県奈良市法華寺町122−1","http://nara-neverland.com/pc/","TRUE"
"548","30001","和歌山県民文化会館","ホール","和歌山",NULL,"2000","和歌山県和歌山市小松原通1丁目1","http://www.wacaf.or.jp/culturehall/bighall.html","TRUE"
"549","30002","和歌山SHELTER","ライブハウス","和歌山","400",NULL,"和歌山県和歌山市中573-5 ふじと台ステーションビル エスタシオン西棟1","http://wakayama-shelter.com/","TRUE"
"550","31001","鳥取県立県民文化会館大ホール","ホール","鳥取",NULL,"2000","鳥取県鳥取市尚徳町１０１−５","http://site.torikenmin.jp/kenbun/","TRUE"
"551","31002","米子AZTiC laughs","ライブハウス","鳥取","350",NULL,"鳥取県米子市道笑町1丁目3","http://aztic.net/laughs/","TRUE"
"552","31003","米子コンベンションセンター","ホール","鳥取",NULL,"2004","鳥取県米子市末広町294","http://www.bigship.or.jp/","TRUE"
"553","31004","鳥取港(東)特設会場","特設ステージ","鳥取",NULL,NULL,"鳥取県鳥取市港町",,"TRUE"
"554","31005","境港市夢みなとタワー前 特設ステージ","特設ステージ","鳥取",NULL,NULL,"鳥取県境港市竹内団地２５５−３",,"TRUE"
"555","32001","出雲ドーム","ドーム/スタジアム","島根",NULL,"10000","島根県出雲市矢野町９９９","http://sports21.jp/index.php?id=123","TRUE"
"556","32002","松江AZTiC canova","ライブハウス","島根","250",NULL,"島根県松江市嫁島町13−25","http://aztic.net/canova/","TRUE"
"557","32003","島根県民会館 大ホール","ホール","島根",NULL,"1537","島根県松江市殿町158","https://www.cul-shimane.jp/hall/floor-guide/large-hall/","TRUE"
"558","32004","松江市営野球場","その他","島根",NULL,NULL,"島根県松江市上乃木１０丁目４−１",,"TRUE"
"559","32005","温泉津町総合運動場 特設ステージ","特設ステージ","島根",NULL,NULL,"島根県大田市温泉津町温泉津イ１２２",,"TRUE"
"560","33001","岡山市立市民文化ホール","ホール","岡山",NULL,"802","岡山県岡山市中区小橋町1丁目1−33","https://www.city.okayama.jp/shisei/category/4-10-20-3-0-0-0-0-0-0.html","TRUE"
"561","33002","岡山市民会館 大ホール","ホール","岡山",NULL,"1718","岡山県岡山市北区丸の内2丁目1−1","http://www.okayama-shiminkaikan.jp/","TRUE"
"562","33003","岡山CRAZYMAMA KINGDOM","ライブハウス","岡山","600",NULL,"岡山県岡山市北区中央町6−22","http://banquetunion.com/kingdom/","TRUE"
"563","33004","倉敷市民会館","ホール","岡山",NULL,"1996","岡山県倉敷市本町17−1","https://arsk.jp/shimin/","TRUE"
"564","33005","岡山操車場跡地公園 特設ステージ","特設ステージ","岡山",NULL,NULL,"岡山県岡山市北区北長瀬表町１丁目１",,"FALSE"
"565","33006","アリオ倉敷 1F 屋外ステージ","イベントスペース","岡山",NULL,NULL,"岡山県倉敷市寿町12番2号","https://space.ario.jp/space/858/","TRUE"
"566","34001","ウェルシティ広島","ホール","広島",NULL,"2001","広島県広島市中区加古町3-3","https://ja.wikipedia.org/wiki/%E5%BA%83%E5%B3%B6%E5%B8%82%E6%96%87%E5%8C%96%E4%BA%A4%E6%B5%81%E4%BC%9A%E9%A4%A8","TRUE"
"567","34001","広島厚生年金会館","ホール","広島",NULL,"2001","広島県広島市中区加古町3-3","https://ja.wikipedia.org/wiki/%E5%BA%83%E5%B3%B6%E5%B8%82%E6%96%87%E5%8C%96%E4%BA%A4%E6%B5%81%E4%BC%9A%E9%A4%A8","TRUE"
"568","34001","広島文化学園HBGホール","ホール","広島",NULL,"2001","広島県広島市中区加古町3-3","https://h-bkk.jp/hall/summary/","TRUE"
"569","34002","アステールプラザ 大ホール","ホール","広島",NULL,"1204","広島県広島市中区加古町4−17","http://h-culture.jp/","FALSE"
"570","34002","JMSアステールプラザ 大ホール","ホール","広島",NULL,"1204","広島県広島市中区加古町4−17","http://h-culture.jp/","TRUE"
"571","34003","広島グリーンアリーナ","アリーナ","広島",NULL,"10000","広島県広島市中区基町4−1","https://www.hiroshimacvb.jp/venues-accomodation/37.html","TRUE"
"572","34004","広島国際会議場フェニックスホール","ホール","広島",NULL,"1504","広島県広島市中区中島町1−5","https://www.pcf.city.hiroshima.jp/icch/phoenix.html","TRUE"
"573","34005","ALSOKホール","ホール","広島",NULL,"1861","広島県広島市中区白島北町19−1","https://www.rcchall.jp/hall/","TRUE"
"574","34005","広島郵便貯金ホール","ホール","広島",NULL,"1861","広島県広島市中区白島北町19−1","https://www.rcchall.jp/hall/","TRUE"
"575","34005","上野学園ホール","ホール","広島",NULL,"1861","広島県広島市中区白島北町19−1","https://www.rcchall.jp/hall/","TRUE"
"576","34006","ナミキジャンクション","ライブハウス","広島","300",NULL,"広島県広島市中区堀川町4-20 Takata Alley 4F","https://hiroshima.keizai.biz/headline/2077/","TRUE"
"577","34007","広島CLUB QUATTRO","ライブハウス","広島","700",NULL,"広島県広島市中区本通10−1","https://www.club-quattro.com/hiroshima/","TRUE"
"578","34008","BLUE LIVE 広島","ライブハウス","広島","830","376","広島県広島市南区宇品海岸3丁目12−69","https://bluelive.jp/","TRUE"
"579","34009","庄原国営備北丘陵公園","特設ステージ","広島",NULL,NULL,"広島県庄原市三日市町４−１０","https://www.bihokupark.jp/","TRUE"
"580","34010","ふくやま芸術文化ホール","ホール","広島",NULL,"2003","広島県福山市松浜町二丁目1番10号","http://www.bunkacky.jp/shisetsu/detail.php?list=1&typ[]=1&id=20","TRUE"
"581","34010","福山リーデンローズ","ホール","広島",NULL,"2003","広島県福山市松浜町二丁目1番10号","http://www.bunkacky.jp/shisetsu/detail.php?list=1&typ[]=1&id=20","TRUE"
"582","34011","広島駅南口地下広場","イベントスペース","広島",NULL,NULL,"広島県広島市南区松原町９−１","http://www.hiro-chika.com/","TRUE"
"583","35001","スターピアくだまつ 大ホール","ホール","山口",NULL,"1007","山口県下松市中央町21−1","https://www.starpiaa.or.jp/","TRUE"
"584","35002","山口KDDI維新ホール","ホール","山口",NULL,"2000","山口県山口市小郡令和1丁目1−1","https://ishinhall.com/","TRUE"
"585","35003","山口市民会館 大ホール","ホール","山口",NULL,"1500","山口県山口市中央2丁目5−1","http://yamaguchi-civichall.com/","TRUE"
"586","35004","徳地文化ホール","ホール","山口",NULL,"505","山口県山口市徳地堀1527番地3","https://www.city.yamaguchi.lg.jp/map/15303.html","TRUE"
"587","35005","周南RISING HALL","ライブハウス","山口","550",NULL,"山口県周南市銀南街49","https://risinghallshunan.wixsite.com/rising-hall/home","TRUE"
"588","35006","周南チキータ","ライブハウス","山口","300",NULL,"山口県周南市公園区5865−11 チキータビル","https://www.livewalker.com/web/detail/7657","FALSE"
"589","35007","周南市文化会館 大ホール","ホール","山口",NULL,"1800","山口県周南市徳山公園区5854−41","http://s-bunka.jp/bunka/","TRUE"
"590","35007","徳山市文化会館","ホール","山口",NULL,"1800","山口県周南市徳山公園区5854−41","http://s-bunka.jp/bunka/","TRUE"
"591","35008","防府市陸上競技場 野外特設ステージ","特設ステージ","山口",NULL,NULL,"山口県防府市浜方94−2","https://hofu-spc.com/institution/athleticfield/","TRUE"
"592","35009","防府市公会堂","ホール","山口",NULL,"1388","山口県防府市緑町1丁目9−1","http://hcpf.sakura.ne.jp/","TRUE"
"593","36001","徳島club GRINDHOUSE","ライブハウス","徳島","250",NULL,"徳島県徳島市秋田町2丁目23","http://c-gh.jp/","TRUE"
"594","36002","鳴門市文化会館","ホール","徳島",NULL,"1600","徳島県鳴門市撫養町南浜東浜24−7","https://www.livewalker.com/web/detail/7706#:~:text=%E6%92%AB%E9%A4%8A%E5%B7%9D%EF%BC%88%E3%82%80%E3%82%84%E3%81%8C%E3%82%8F,%E8%88%9E%E5%8F%B0%E8%8A%B8%E8%A1%93%E3%82%A4%E3%83%99%E3%83%B3%E3%83%88%E3%81%AB%E5%AF%BE%E5%BF%9C%E3%80%82","TRUE"
"595","37001","丸亀市民会館","ホール","香川",NULL,"1302","香川県丸亀市大手町2丁目4番20号","https://ja.wikipedia.org/wiki/%E4%B8%B8%E4%BA%80%E5%B8%82%E6%B0%91%E4%BC%9A%E9%A4%A8","FALSE"
"596","37002","サンポートホール高松 大ホール","ホール","香川",NULL,"1500","香川県高松市サンポート2−1","https://www.sunport-hall.jp/","TRUE"
"597","37003","高松MONSTER","ライブハウス","香川","500","200","香川県高松市瓦町2丁目6−14","http://www.monster.cx/","TRUE"
"598","37004","レクザムホール 大ホール","ホール","香川",NULL,"2001","香川県高松市玉藻町9−10","https://kenminhall.com/","TRUE"
"599","37004","香川県民ホール","ホール","香川",NULL,"2001","香川県高松市玉藻町9−10","https://kenminhall.com/","TRUE"
"600","37005","高松DIME","ライブハウス","香川","300",NULL,"香川県高松市南新町1−4 5階","https://www.dime-dime.com/index-pc.html","TRUE"
"601","37006","高松Olive Hall","ライブハウス","香川","350",NULL,"香川県高松市南新町5−6","http://www.olivehall.net/","TRUE"
"602","37007","サンメッセ香川","ホール","香川",NULL,NULL,"香川県高松市林町2217−1","https://www.sunmesse.com/","TRUE"
"603","38001","松山サロンキティ","ライブハウス","愛媛","400","100","愛媛県松山市河原町138キティビル1F","http://salonkitty.co.jp/","TRUE"
"604","38002","ひめぎんホール メインホール","ホール","愛媛",NULL,"2725","愛媛県松山市道後町2丁目5−1","https://www.ecf.or.jp/e_kenbun/mainhall/index.html","TRUE"
"605","38002","愛媛県県民文化会館 メインホール","ホール","愛媛",NULL,"2725","愛媛県松山市道後町2丁目5−1","https://www.ecf.or.jp/e_kenbun/mainhall/index.html","TRUE"
"606","38003","松山市民会館 大ホール","ホール","愛媛",NULL,"1999","愛媛県松山市堀之内","https://www.cul-spo.or.jp/mcph/","TRUE"
"607","38004","松山WstudioRED","ライブハウス","愛媛","450",NULL,"愛媛県松山市湊町4丁目10−8","http://red.double-ustudio.com/","TRUE"
"608","38005","松山市総合コミュニティセンター キャメリアホール","ホール","愛媛",NULL,"988","愛媛県松山市湊町七丁目5番地","https://www.cul-spo.or.jp/comcen/fac_bunka","TRUE"
"609","39001","高知X-pt.","ライブハウス","高知","300",NULL,"高知県高知市はりまや町1丁目5−1 デンテツ・ターミナルビル B1F","http://www.x-pt.jp/","TRUE"
"610","39002","高知CARAVAN SARY","ライブハウス","高知","400",NULL,"高知県高知市相模町17−21","https://www.caravansary.jp/","TRUE"
"611","39003","高知県立県民文化ホール オレンジホール","ホール","高知",NULL,"1507","高知県高知市本町4丁目3−30","https://kkb-hall.jp/","TRUE"
"612","40001","KURUME GEILS","ライブハウス","福岡","200",NULL,"福岡県久留米市東町27-4","https://ticket.jp/venues/fukuoka-2606","FALSE"
"613","40002","宗像ユリックス","ホール","福岡",NULL,NULL,"福岡県宗像市久原400","https://yurix.munakata.com/","TRUE"
"614","40003","県営筑豊緑地公園","特設ステージ","福岡",NULL,NULL,"福岡県飯塚市仁保８−２５",,"TRUE"
"615","40004","ももちパレス（福岡県立ももち文化センター） 大ホール","ホール","福岡",NULL,"800","福岡県福岡市早良区百道２丁目３−１５","https://www.momochi-palace.net/","TRUE"
"616","40005","Zepp Fukuoka","ライブハウス","福岡","1526",NULL,"福岡県福岡市中央区地行浜2丁目2−1","https://www.zepp.co.jp/hall/fukuoka/","TRUE"
"617","40006","イムズホール","その他","福岡","461",NULL,"福岡県福岡市中央区天神1-7-11 イムズ9F.","https://ja.wikipedia.org/wiki/%E3%82%A4%E3%83%A0%E3%82%BA","FALSE"
"618","40007","福岡市民会館 大ホール","ホール","福岡",NULL,"1770","福岡県福岡市中央区天神5丁目1−23","https://fukuoka-civichall.jp/","TRUE"
"619","40008","BEAT STATION","ライブハウス","福岡","400",NULL,"福岡県福岡市中央区渡辺通4丁目11−4","http://beatstation.starfree.jp/","TRUE"
"620","40009","福岡DRUM LOGOS","ライブハウス","福岡","1000",NULL,"福岡県福岡市中央区舞鶴1丁目8−25","http://www.live-drum.com/index1.shtml","TRUE"
"621","40010","福岡DRUM Be-1","ライブハウス","福岡","300",NULL,"福岡県福岡市中央区舞鶴1丁目8−29","http://www.live-drum.com/index1.shtml","TRUE"
"622","40011","福岡DRUM SON","ライブハウス","福岡","200",NULL,"福岡県福岡市中央区舞鶴1丁目8−29 Be-1ビル3F","http://www.live-drum.com/index1.shtml","TRUE"
"623","40012","マリンメッセ福岡","アリーナ","福岡",NULL,"13000","福岡県福岡市博多区沖浜町7−1","https://www.marinemesse.or.jp/messe/","TRUE"
"624","40013","福岡国際会議場 メインホール","ホール","福岡",NULL,"3000","福岡県福岡市博多区石城町2−1","https://www.marinemesse.or.jp/congress/seat/","TRUE"
"625","40014","福岡サンパレス","ホール","福岡",NULL,"2316","福岡県福岡市博多区築港本町2−1","https://www.f-sunpalace.com/hall/","TRUE"
"626","40015","北九州メディアドーム","ドーム/スタジアム","福岡",NULL,"18700","福岡県北九州市小倉北区三萩野3丁目1−1","http://www.mediadome.jp/","TRUE"
"627","40016","小倉WOW!","ライブハウス","福岡","300",NULL,"福岡県北九州市小倉北区室町3-3-15 もりとうビル2F","http://www.livewow.com/","TRUE"
"628","40017","アルモニーサンク 北九州ソレイユホール","ホール","福岡",NULL,"2008","福岡県北九州市小倉北区大手町12−3","https://www.soleil-hall.jp/","TRUE"
"629","40017","九州厚生年金会館","ホール","福岡",NULL,"2008","福岡県北九州市小倉北区大手町12−3","https://ja.wikipedia.org/wiki/%E3%82%A2%E3%83%AB%E3%83%A2%E3%83%8B%E3%83%BC%E3%82%B5%E3%83%B3%E3%82%AF","TRUE"
"630","40018","タワーレコード福岡店 3F イベントスペース","イベントスペース","福岡",NULL,NULL,"福岡県福岡市中央区天神２丁目１１−１ 福岡パルコ","https://tower.jp/store/kyushu_okinawa/FukuokaParco","TRUE"
"631","40019","キャナルシティ博多 B1 サンプラザステージ","イベントスペース","福岡",NULL,NULL,"福岡県福岡市博多区住吉1-2","https://canalcity.co.jp/floor/b1f","TRUE"
"632","40020","イオンモール福岡 1F イーストコート","イベントスペース","福岡",NULL,NULL,"福岡県糟屋郡粕屋町酒殿字老ノ木１９２−１","https://fukuoka-aeonmall.com/static/detail/eventspace","TRUE"
"633","40021","スカラエスパシオ","イベントスペース","福岡",NULL,"400","福岡県福岡市中央区渡辺通４丁目８−２８ F.Tビル 地下2階","http://www.espacio.ne.jp/","TRUE"
"634","41001","佐賀GEILS","ライブハウス","佐賀","350",NULL,"佐賀県佐賀市駅前中央2丁目7−18","http://sound-spirits.com/geils/top/index.htm","TRUE"
"635","41002","佐賀市文化会館","ホール","佐賀",NULL,"1811","佐賀県佐賀市日の出1丁目21−10","https://www.city.saga.lg.jp/main/832.html#:~:text=1%2C800%E4%BA%BA%E5%8F%8E%E5%AE%B9%E3%81%AE%E5%A4%A7,%E5%B8%82%E6%B0%91%E3%81%8B%E3%82%89%E3%82%82%E5%AE%9A%E8%A9%95%E3%81%A7%E3%81%99%E3%80%82","TRUE"
"636","42001","アルカスSASEBO","ホール","長崎",NULL,"2000","長崎県佐世保市三浦町2−3","https://www.arkas.or.jp/","TRUE"
"637","42002","長崎DRUM Be-7","ライブハウス","長崎","300",NULL,"長崎県長崎市栄町5-5 FM長崎ビルB1F","http://www.live-drum.com/index1.shtml","TRUE"
"638","42003","長崎市公会堂","ホール","長崎",NULL,"1751","長崎県長崎市魚の町4番30号","https://ja.wikipedia.org/wiki/%E9%95%B7%E5%B4%8E%E5%B8%82%E5%85%AC%E4%BC%9A%E5%A0%82","FALSE"
"639","42004","長崎市民会館 文化ホール","ホール","長崎",NULL,"977","長崎県長崎市魚の町5番1号","https://ngs-shiminkaikan.jp/facility/cultural_hall/","TRUE"
"640","42005","長崎ブリックホール","ホール","長崎",NULL,"2002","長崎県長崎市茂里町2−38","http://www.brickhall.jp/","TRUE"
"641","42006","長崎市稲佐山公園野外ステージ","特設ステージ","長崎",NULL,NULL,"長崎県長崎市淵町",,"TRUE"
"642","42007","ハウステンボスポートサイド 特設ステージ","特設ステージ","長崎",NULL,NULL,"長崎県佐世保市ハウステンボス町１−１","https://www.huistenbosch.co.jp/","TRUE"
"643","43001","熊本市民会館","ホール","熊本",NULL,"1591","熊本県熊本市中央区桜町1−3","http://stage1kmj.jp/?page_id=23","TRUE"
"644","43001","市民会館シアーズホーム夢ホール 大ホール","ホール","熊本",NULL,"1591","熊本県熊本市中央区桜町1−3","http://stage1kmj.jp/?page_id=23","TRUE"
"645","43001","市民会館崇城大学ホール","ホール","熊本",NULL,"1591","熊本県熊本市中央区桜町1−3","http://stage1kmj.jp/?page_id=23","TRUE"
"646","43002","熊本城ホール メインホール","ホール","熊本",NULL,"2304","熊本県熊本市中央区桜町3−40","https://www.kumamoto-jo-hall.jp/facility/main_hall.html","TRUE"
"647","43003","熊本B.9 V1","ライブハウス","熊本","700",NULL,"熊本県熊本市中央区城東町5-13","http://www.live-drum.com/be9/index1.shtml","TRUE"
"648","43004","三井グリーンランド野外特設ステージ","特設ステージ","熊本",NULL,NULL,"熊本県荒尾市緑ケ丘","https://www.greenland.co.jp/park/","TRUE"
"649","43005","熊本港芝生公園 特設ステージ","特設ステージ","熊本",NULL,NULL,"熊本県熊本市西区新港１丁目１",,"TRUE"
"650","43006","熊本県野外劇場アスペクタ","野外ステージ","熊本",NULL,"20","熊本県阿蘇郡南阿蘇村久石４４１１−９","https://aspecta.jp/","TRUE"
"651","44001","宇佐文化会館・ウサノピア 大ホール","ホール","大分",NULL,"1197","大分県宇佐市法鏡寺224","https://www.usanopia.jp/","TRUE"
"652","44002","大分DRUM Be-0","ライブハウス","大分","350",NULL,"大分県大分市金池町2-13-20","http://www.live-drum.com/index1.shtml","TRUE"
"653","44003","iichiko総合文化センター グランシアタ","ホール","大分",NULL,"1966","大分県大分市高砂町2−33","https://emo.or.jp/facilities/grand-theater/","TRUE"
"654","44003","大分グランシアタ","ホール","大分",NULL,"1966","大分県大分市高砂町2−33","https://emo.or.jp/facilities/grand-theater/","TRUE"
"655","44004","iichiko総合文化センター 音の泉ホール","ホール","大分",NULL,"710","大分県大分市高砂町2−33","https://emo.or.jp/facilities/oto/","TRUE"
"656","44005","別府国際コンベンションセンター ビーコンプラザ","アリーナ","大分",NULL,"8000","大分県別府市山の手町12−1","https://www.b-conplaza.jp/","TRUE"
"657","44006","トキハわさだタウン フェスタ広場","イベントスペース","大分",NULL,NULL,"大分県大分市玉沢７５５−１","https://www.tokiwa-dept.co.jp/wasadatown/","TRUE"
"658","44007","パークプレイス大分","イベントスペース","大分",NULL,NULL,"大分県大分市公園通り西２丁目１","https://shop.parkplace-oita.com/","TRUE"
"659","45001","宮崎市民文化ホール","ホール","宮崎",NULL,"1867","宮崎県宮崎市花山手東3丁目25−3","https://www.miyazakibunkahall.jp/index.php","TRUE"
"660","45002","宮崎SR BOX","ライブハウス","宮崎","250",NULL,"宮崎県宮崎市橘通西3-10-36 西村ビル 8F","http://www.caparvo.co.jp/sr-box/","FALSE"
"661","45003","宮崎WEATHER KING","ライブハウス","宮崎","500","150","宮崎県宮崎市橘通東3-1-11アゲインビル B1F","https://www.livewalker.com/web/detail/13597","FALSE"
"662","45004","メディキット県民文化センター 演劇ホール","ホール","宮崎",NULL,"1112","宮崎県宮崎市船塚3丁目210","https://miyazaki-ac.jp/hall/theater-hall/","TRUE"
"663","45005","日向市文化交流センター 大ホール","ホール","宮崎",NULL,"1631","宮崎県日向市中町１−３１","http://hyuga.main.jp/","TRUE"
"664","45006","フェニックス・シーガイア・リゾート シーガイアスクエア1","特設ステージ","宮崎",NULL,NULL,"宮崎県宮崎市山崎町浜山","https://seagaia.co.jp/","TRUE"
"665","46001","サンアリーナせんだい","アリーナ","鹿児島",NULL,"2034","鹿児島県薩摩川内市運動公園町3030","https://satsumasendai.or.jp/pages/179/","TRUE"
"666","46002","鹿児島アリーナ","アリーナ","鹿児島",NULL,"5700","鹿児島県鹿児島市永吉1丁目30−1","https://nishihara-shokai-arena.jp/","TRUE"
"667","46003","鹿児島県文化センター 宝山ホール","ホール","鹿児島",NULL,"1502","鹿児島県鹿児島市山下町5−3","https://www.houzanhall.com/","TRUE"
"668","46004","CAPARVO HALL","ライブハウス","鹿児島","450","200","鹿児島県鹿児島市東千石町3−41 キャパルボビル 8F","https://www.kagoshima-sr.jp/live-hall/caparvo-hall/","TRUE"
"669","46005","鹿児島本港区ウォーターフロントパーク","特設ステージ","鹿児島",NULL,NULL,"鹿児島県鹿児島市本港新町5−4","https://www.kagoshima-yokanavi.jp/spot/10009","TRUE"
"670","46006","鹿児島市民文化ホール第一","ホール","鹿児島",NULL,"1990","鹿児島県鹿児島市与次郎2丁目3−1","https://www.k-kb.or.jp/shibun/shibunnp.html","TRUE"
"671","46007","川商ホール 第2ホール","ホール","鹿児島",NULL,"952","鹿児島県鹿児島市与次郎2丁目3−1","https://www.k-kb.or.jp/shibun/shibunnp.html","TRUE"
"672","47001","ミュージックタウン音市場","ホール","沖縄","1100","489","沖縄県沖縄市上地1丁目1−1 3階","https://www.otoichiba.jp/","TRUE"
"673","47002","沖縄市民会館","ホール","沖縄",NULL,"1545","沖縄県沖縄市八重島1丁目1−1","https://okinawashiminkaikan.com/","TRUE"
"674","47003","沖縄コンベンションセンター","アリーナ","沖縄",NULL,"5000","沖縄県宜野湾市真志喜4丁目3−1","https://www.oki-conven.jp/institution/","TRUE"
"675","47004","那覇市奥武山陸上競技場","特設ステージ","沖縄",NULL,NULL,"沖縄県那覇市奥武山町45",,"TRUE"
"676","47005","那覇文化芸術劇場なはーと 大劇場","ホール","沖縄",NULL,"1602","沖縄県那覇市久茂地3丁目26−27","https://www.nahart.jp/","TRUE"
"677","47006","ナムラホール","ホール","沖縄","1500",NULL,"沖縄県那覇市松山1丁目5−1 ナムラプラザビル","http://www.namura-hall.jp/","TRUE"
"678","47007","テンブスホール","ホール","沖縄","330","246","沖縄県那覇市牧志3丁目2番10号","https://tenbusukan.jp/facility/guide/hall/","TRUE"
"679","47008","桜坂セントラル","ライブハウス","沖縄","360",NULL,"沖縄県那覇市牧志3丁目9−26","http://www.nahacentral.com/","TRUE"
"680","47009","那覇メインプレイス 2F オープンモール","イベントスペース","沖縄",NULL,NULL,"沖縄県那覇市おもろまち４丁目４−９","https://www.san-a.co.jp/nahamainplace/","TRUE"
"681","99001","Andrews Outdoor Theater","野外ステージ","ハワイ",NULL,NULL,"Andrews Outdoor Theatre, Honolulu, HI 96822","https://www.tripadvisor.jp/LocationPhotoDirectLink-g60982-d1373157-i250641493-University_of_Hawaii_at_Manoa_Campus-Honolulu_Oahu_Hawaii.html","TRUE"
"682","99002","Neo Studio","ホール","台北",NULL,NULL,"Taipei City, Xinyi District, Songshou Rd, 22號5樓",,"FALSE"
"683","99003","Legacy Taipei","ライブハウス","台北","1000",NULL,"Taipei City, Zhongzheng District, Section 1, Bade Rd, 1號華山1914創意文化園區中5A館",,"TRUE"
"684","99004","河岸留言 西門紅樓展演館","ホール","台北",NULL,NULL,,,"TRUE"
"685","99005","The Wall公館(台湾・台北)","ホール","台北",NULL,NULL,,,"TRUE"
"686","99006","SALA CORONA","ライブハウス","メキシコ",NULL,NULL,"Puebla 186, Roma Nte., Cuauhtémoc, 06700 Ciudad de México, CDMX",,"TRUE"
"687","99007","FORO INDIE ROCKS","ライブハウス","メキシコ",NULL,NULL,"Zacatecas 39, Roma Nte., Cuauhtémoc, 06700 Ciudad de México, CDMX","https://www.indierocks.mx/agenda/","TRUE"
"688","99008","Ninshi Hall","ホール","メキシコ",NULL,NULL,,,"TRUE"
"689","99009","Music Zone @ Emax","ライブハウス","香港",NULL,NULL,,,"TRUE"
"690","99010","LA CIGALE","ライブハウス","パリ",NULL,NULL,,,"TRUE"
"691","99011","ムーラン・ルージュ","その他","パリ",NULL,NULL,,,"TRUE"
"692","99012","La Boule Noire","ホール","パリ",NULL,NULL,,,"TRUE"
"693","99013","フアマーク インドアスタジアム(タイ・バンコク）","ドーム/スタジアム","バンコク",NULL,NULL,,,"TRUE"
"694","99014","バンコク MUSE","ホール","バンコク",NULL,NULL,,,"TRUE"
"695","99015","Siam Pavalai Royal Grand Theater （タイ・バンコク）","ホール","バンコク",NULL,NULL,,,"TRUE"
"696","99016","Teatro Novedades","ホール","チリ",NULL,NULL,,,"TRUE"
"697","99017","FZW","ホール","ドルトムント",NULL,NULL,"Ritterstraße 20, 44137 Dortmund","https://fzw.de/de_de/","TRUE"
"698","99018","Associação Okinawa do Brasil","ホール","ブラジル",NULL,NULL,,,"TRUE"
"699","99019","229 THE VENUE","ホール","ロンドン",NULL,NULL,,,"TRUE"
"700","99020","九龍湾国際展貿中心","その他","香港",NULL,NULL,,,"TRUE"
"701","99021","MacPherson Stadium","アリーナ","香港",NULL,NULL,"38 Nelson Street, Mong Kok, Kowloon","https://macstadium.hkpa.hk/","TRUE"
